order_id,customer_id,order_ts,value,payment_mode,category,discount_pct,hour_of_day,address_completeness,cart_pattern,is_festive,outcome
ord_100001,41eacb5e9d273d5574b1fc777df2f068c9db72fb73aa7a72baad00e8acf3033d,2026-06-28 11:58:52,2574.1,COD,Home & Kitchen,40.0,11,0.47,0,0,RTO
ord_100002,04889b0e809c8e8b93ae050a66b9a6570cf956965b7405320d396da38aaf8798,2025-06-27 19:27:37,5279.31,prepaid,Home & Kitchen,50.0,19,1.0,0,0,delivered
ord_100003,748a7c4d286deb82a4533ebc061540c61e18747e362978b0872acbb96ea64c7d,2026-05-22 01:01:01,2652.91,COD,Home & Kitchen,25.0,1,1.0,0,0,delivered
ord_100004,6998c0e984221d441b0d176086cca86e494761bd58ff1d4d8bf3429df8aa670a,2025-05-05 21:59:33,9277.08,COD,Footwear,40.0,21,0.65,0,0,delivered
ord_100005,826ca3eb9274f2c5cb601881a16b7e33530e3bf3d1d824a669a16e33905b57dd,2026-05-26 19:40:41,906.38,COD,Apparel,40.0,19,0.98,0,0,delivered
ord_100006,e67a156c6473fea721cf1593fc589a2fd5c856f4b9275420d4e26ea39dabd670,2025-12-07 07:04:33,9142.55,COD,Apparel,10.0,7,0.85,1,0,RTO
ord_100007,05fd223635652c096b32bb1ebc68df0c01be76fb340a94afbe5978b00f159b77,2025-03-30 03:04:06,2772.06,COD,Electronics,15.0,3,0.75,0,0,delivered
ord_100008,d37d8a41717a7cbd92b01cce319acd460202c48669f361c53952f972041be734,2025-12-21 19:07:01,5197.52,COD,Home & Kitchen,10.0,19,0.92,0,0,delivered
ord_100009,fcde7fb17da20cd45ca0c66ad5eb9abd17cc4b4d588c2977a9f271931881dc8a,2025-07-27 12:27:33,5130.97,COD,Footwear,50.0,12,0.75,0,0,delivered
ord_100010,7510ea07990eb76e423042c50cab548e802251f31b08bf3a03254546ae8684a6,2025-10-20 23:42:18,8994.52,COD,Electronics,25.0,23,0.34,1,0,delivered
ord_100011,f4105051db521505742fa9d5be8fa015d433da89646495f204754f4d00f8cf40,2025-10-27 21:01:46,897.13,prepaid,Fashion Accessories,0.0,21,0.69,0,0,delivered
ord_100012,efafd712e5fa6161e95e01042dfb959797ac1223b075e517a7b46466ef1ed475,2025-01-12 22:05:59,728.93,COD,Fashion Accessories,15.0,22,0.57,0,0,delivered
ord_100013,bf2c27e1647db7f2c8612708b1f6c583bdbb7fcb879b4a1f0217e9ba7a2c1f20,2025-10-23 03:53:18,4913.36,COD,Beauty & Care,0.0,3,0.46,0,0,RTO
ord_100014,04889b0e809c8e8b93ae050a66b9a6570cf956965b7405320d396da38aaf8798,2025-12-04 01:48:52,576.47,prepaid,Fashion Accessories,50.0,1,0.69,0,0,delivered
ord_100015,5b11c7d0f2a3179f738870d61641ddf9509537c758c06ffbe3d895ddbfbd76f5,2026-02-17 13:39:28,769.03,COD,Electronics,40.0,13,1.0,0,0,delivered
ord_100016,6bcad298d175cb648e0029793355a2a5fd682efcff29dda73aa1fc10de6e0efc,2025-06-30 08:18:22,8902.76,COD,Footwear,25.0,8,0.54,0,0,delivered
ord_100017,6a36331ad82976d59989cff3a0f6dfab3e5d3a77b5cd3fdc41b73d5b2b100e14,2026-06-21 04:22:35,2740.33,prepaid,Electronics,0.0,4,0.54,0,0,delivered
ord_100018,31cc6e65511571750238a4c85a8c713b7e43c9c61d0296516890c22a6f39eefd,2025-01-18 00:59:01,625.37,COD,Footwear,50.0,0,0.87,0,0,RTO
ord_100019,82cd6d29b82272bceb4b9008b64351cc623923b755f20ce537c744deddc82811,2026-06-11 10:26:42,950.3,prepaid,Fashion Accessories,50.0,10,0.82,0,0,delivered
ord_100020,5c50cc39e30b4b0386da6f4d715561b557c3247cf26b073151dfdd0133899670,2025-03-12 00:12:28,779.32,COD,Beauty & Care,40.0,0,0.95,0,0,RTO
ord_100021,163542cffac27f7f31b09105ea51b56b0a85a7b8797079788d4608ecd07d87ca,2025-07-19 14:16:10,9247.16,prepaid,Footwear,0.0,14,0.74,0,0,delivered
ord_100022,b2cbb6d271a384cf2b77128e9c2d124a5bc0fc70229643d268c51a267dd431a8,2026-09-17 22:36:02,504.78,COD,Beauty & Care,0.0,22,0.7,0,0,delivered
ord_100023,befe427d950fe0b50a6b8b122362995a85f146ef53a5a8edb5458ac87a6b2f8e,2025-03-26 03:43:03,5030.2,COD,Home & Kitchen,40.0,3,0.65,0,0,delivered
ord_100024,c83faed918e8637fe61b534629c21e20869a2959c511b0dc27b2f6f4dc734bbe,2026-05-20 06:42:01,1597.37,COD,Apparel,0.0,6,0.52,0,0,delivered
ord_100025,ba6614c9bf30e29c5c5e4b4e2165bc33b6ef3270126df204cb05c407809116ce,2026-04-02 04:49:03,8938.61,COD,Beauty & Care,25.0,4,1.0,0,0,delivered
ord_100026,44ccb1dd4491f5d758457a82420819210b5de2a64d9908179bf89a4bc2049b2d,2025-12-11 09:15:35,791.37,COD,Footwear,15.0,9,1.0,0,0,RTO
ord_100027,1cf81c5e46bcf99d2ae2344c1dbe8c3d0ea467746f371617b53fecb4e88170d1,2025-12-20 04:32:46,5287.44,COD,Fashion Accessories,0.0,4,0.88,0,1,delivered
ord_100028,75df7a5a63e9d84701adbc8b74beeadc9e1cc9a33ad46c7dc52823547888a178,2026-08-18 07:34:02,1508.75,COD,Electronics,40.0,7,0.61,0,0,RTO
ord_100029,6a6db79547d05b166c2b3585c6df4ea30bbb51955b6283136806f92bf42a0472,2025-04-13 08:59:25,5028.51,prepaid,Electronics,10.0,8,0.66,0,1,delivered
ord_100030,0d806512d213c2dc5fb2b6445822fa439a3b4b2fdd7e7a29f48e50e2eed60478,2026-01-05 21:52:05,579.8,COD,Home & Kitchen,10.0,21,0.76,0,0,RTO
ord_100031,9bb99cdb8f2970561443b3db93e0e7d5f676a3de9f16a3097ec88d8a18de0eef,2025-11-08 22:41:17,2683.96,COD,Apparel,25.0,22,0.79,0,1,delivered
ord_100032,cdc9375a5bf5bcaa6e5139ce8d2190164d0fdf10380b81215f53979c77f9ff8b,2025-10-23 20:34:21,5141.17,COD,Beauty & Care,0.0,20,0.86,0,0,delivered
ord_100033,58e157609cd3bb55002c28143bec7a77cb5ed1555a3bd3e04fe0fc8a0d02927f,2026-07-14 21:25:47,2534.57,COD,Electronics,25.0,21,0.62,0,0,delivered
ord_100034,baf45a4a0cc19e84c5f10c678ca158177adcfe4559b0d6755fe82de25923545e,2025-10-18 17:28:36,435.49,COD,Beauty & Care,0.0,17,1.0,0,0,delivered
ord_100035,e3abe741528c12fd98b1c47f8fe815896b8a5f25d84cb2b129da3799a85bbb93,2026-03-13 06:32:13,9275.45,COD,Footwear,25.0,6,0.63,0,0,delivered
ord_100036,2abfcf2f05482ba731983467393b2524d6a1d042daaac0189d2433b95282b05e,2025-09-29 22:35:52,4989.46,COD,Footwear,25.0,22,1.0,1,0,delivered
ord_100037,cf943c56427c7e9d17d12bbbd52a987f4b36cd6f4a37b87964f17cd1ffc62cdd,2025-01-23 11:43:35,1339.41,prepaid,Footwear,10.0,11,1.0,0,0,delivered
ord_100038,dc0492bb575edd8ce47274f196c9be3ec7f39cbc11335b5709d9a0e1090ef9a7,2025-03-13 06:29:13,2535.36,COD,Beauty & Care,15.0,6,0.65,0,0,delivered
ord_100039,f51a76e57d482fa572743b95521f8be9790ec8d436ab8fc9836d2d7928ed0d49,2025-05-01 20:13:10,507.84,COD,Fashion Accessories,50.0,20,0.68,0,0,delivered
ord_100040,f82bfdcf8fcadf5e95fa29436c260369739dcca4afd0c2c3850266d5d41cf612,2025-03-30 09:42:43,9136.25,COD,Fashion Accessories,40.0,9,0.81,0,0,delivered
ord_100041,0d4ad1ab8cfabbee83c0c47ed22d81ef5dda121d6c73321f8260fcecec1f313a,2025-06-08 18:43:23,1314.78,COD,Electronics,0.0,18,0.57,0,0,delivered
ord_100042,6e7832c59722dfc1a5353893a2686ce9a08935455d3170f346aad8a0647a83c7,2025-02-25 23:35:04,582.9,prepaid,Beauty & Care,0.0,23,1.0,0,0,delivered
ord_100043,9112a8abd975e03b1925e5a61f2600acf75bf2c488df7cf4c4f38dec30007149,2025-08-13 20:57:16,1019.53,COD,Footwear,40.0,20,0.71,0,0,RTO
ord_100044,9a8b4e2820ca74a7833ee9aec549095169a10664e5d209c7585179e0ded1e514,2026-04-03 09:21:23,9034.81,COD,Footwear,15.0,9,0.85,0,0,RTO
ord_100045,73a9933b482488a2df67f49d2d1856eb309cfc7f9c814f692f3c4511504b6dd1,2025-09-30 16:58:24,740.12,prepaid,Electronics,15.0,16,0.49,0,0,delivered
ord_100046,6c36dc78b0ac15ec1fff4bcd64b84836d3eadbeab28bd858e48b522bb2200042,2026-08-24 06:55:57,5078.56,COD,Home & Kitchen,40.0,6,0.64,0,0,delivered
ord_100047,da5fda2cac62fac29794afc6c6c3549e97945e094c5ce3f9a6f223c9931bf756,2026-04-05 08:51:48,2579.77,COD,Footwear,0.0,8,0.69,0,1,RTO
ord_100048,fcde7fb17da20cd45ca0c66ad5eb9abd17cc4b4d588c2977a9f271931881dc8a,2025-10-26 15:16:22,578.89,COD,Fashion Accessories,40.0,15,0.83,0,0,RTO
ord_100049,bde23e1bd1331c7de95c4ab4b49e8722be707f367376db33221b99d46564993a,2025-12-16 22:21:34,8932.73,prepaid,Footwear,50.0,22,0.6,0,0,delivered
ord_100050,7e2d7b176910013d99c88f2790524847ae5ea6ec43fcc69cd53ccaba016b96b5,2025-10-10 15:32:58,2562.51,COD,Footwear,15.0,15,0.81,0,1,RTO
ord_100051,919bfbfc24d822b01abf0a0bf119b27bcc3fcd5479e6e677adfa947ac9e7e81f,2026-06-11 21:54:27,5248.31,COD,Fashion Accessories,15.0,21,0.96,0,0,delivered
ord_100052,ce4aeb4aeb7e042ad3137effbdcb12846e2c64366778c8e452a99b4fc035a291,2026-04-08 04:22:20,2656.4,COD,Home & Kitchen,15.0,4,1.0,0,0,delivered
ord_100053,e6e695e615574e730a279625802e117dc62c4d04f57786dcde2c2565d680bbe7,2025-03-14 14:05:22,544.04,COD,Footwear,10.0,14,0.99,0,0,delivered
ord_100054,103ed0bc53ff30d5862c89a71080527ad29663746ba0ee93106d63d747eeafcd,2025-03-01 22:27:41,5233.05,prepaid,Home & Kitchen,40.0,22,0.51,0,0,delivered
ord_100055,0fce2b58ca477ddad7503589f711a4f9736c926359cd27320b558da97f43ea0f,2025-04-30 19:28:47,987.47,prepaid,Home & Kitchen,0.0,19,0.66,0,0,delivered
ord_100056,477ccda17d6d7375b498cca43d43dd3c2cb63bd8ab404eb942197a6252f97895,2026-08-08 09:35:16,822.79,COD,Home & Kitchen,25.0,9,0.92,0,0,delivered
ord_100057,f09e22aa24d009ef67cb2e59aee831f0a6ca5d8ab23fd917b9706ebc05fe5289,2025-12-25 14:20:18,5066.46,prepaid,Home & Kitchen,10.0,14,0.58,0,0,delivered
ord_100058,174ccf791e1a704d54ce76d4752852c1a6589644d3b8fc0f09bef28ace438881,2025-03-21 16:24:40,1232.55,COD,Apparel,10.0,16,0.53,0,0,delivered
ord_100059,73a9933b482488a2df67f49d2d1856eb309cfc7f9c814f692f3c4511504b6dd1,2025-01-21 17:10:06,853.47,COD,Footwear,0.0,17,0.71,0,0,delivered
ord_100060,fbdc88017f80fb75fb1972eaa9a23a0485342dbffe7c8bba674b2b4e3394b290,2025-04-17 21:02:32,9231.44,prepaid,Beauty & Care,50.0,21,0.72,0,1,RTO
ord_100061,41634baee40c4db159a26b80e45a2f7b1b1595847703e294a40c89660d52a934,2025-04-27 03:14:51,2443.47,prepaid,Home & Kitchen,15.0,3,0.65,0,0,delivered
ord_100062,a15082459e0d6588fe31c6efe7f5f0d98a47c07b9f56f0f8dbc5c4829749e712,2025-02-18 18:48:36,4905.57,prepaid,Home & Kitchen,40.0,18,0.84,0,0,RTO
ord_100063,e3d637f95424325a1d5836ec661717feee129e5abdf36a2384dd7fe37e479d42,2025-07-06 20:26:32,608.39,COD,Fashion Accessories,15.0,20,0.44,0,0,delivered
ord_100064,174ccf791e1a704d54ce76d4752852c1a6589644d3b8fc0f09bef28ace438881,2025-01-16 19:03:32,2791.42,COD,Fashion Accessories,15.0,19,0.88,0,0,delivered
ord_100065,6998c0e984221d441b0d176086cca86e494761bd58ff1d4d8bf3429df8aa670a,2026-08-23 05:49:40,539.92,prepaid,Electronics,15.0,5,0.88,0,0,delivered
ord_100066,9bb99cdb8f2970561443b3db93e0e7d5f676a3de9f16a3097ec88d8a18de0eef,2026-05-06 16:24:35,2413.79,COD,Fashion Accessories,10.0,16,1.0,0,0,RTO
ord_100067,8fdb9196d5ea5d68e9d131d38c48a6f62ffa653eba1dd78700153b869c7b6cc6,2025-08-11 05:29:37,1308.29,prepaid,Fashion Accessories,15.0,5,0.71,0,0,delivered
ord_100068,af82c2ffb81c75723f713bcda15b7f31923bd1b33d54058cb5025068825f49e4,2025-05-26 02:31:31,1519.46,COD,Home & Kitchen,50.0,2,0.7,0,0,RTO
ord_100069,5cd91524f568c5ce05090da4e7bd2f5c3f923635d7bd3e9ac972d48c90e6efb6,2025-09-07 11:48:54,1377.37,COD,Footwear,50.0,11,0.67,1,0,delivered
ord_100070,e3d637f95424325a1d5836ec661717feee129e5abdf36a2384dd7fe37e479d42,2026-04-23 13:39:44,667.47,COD,Apparel,25.0,13,0.51,0,0,delivered
ord_100071,5235264673cd3d38cfa6c668ed7e4976454880df81ec5b33793654d34f2daecb,2025-01-28 00:41:59,1343.86,COD,Fashion Accessories,40.0,0,0.72,0,0,RTO
ord_100072,4107faa1e5ee37926d839d2234cd519629dcfa8aec30928430d8d1429e7fe4f5,2026-02-16 05:50:51,1083.21,COD,Footwear,0.0,5,0.91,0,0,delivered
ord_100073,47324a56ed03cbe71e767b657b2de5360ece2253500154cb68f627b89503a368,2026-07-01 20:12:57,9265.59,prepaid,Footwear,25.0,20,0.63,1,0,delivered
ord_100074,b6fc887da535eec6477d3b883fa962cbbdd24be8c8c8bcd4e40f5449ac7bed37,2025-03-10 04:32:16,9037.97,prepaid,Footwear,0.0,4,0.77,0,0,delivered
ord_100075,45586f9779210a1ed188b9e4f295c88e580479cc6119a0172909080c6766ec6c,2026-09-09 11:34:22,793.69,COD,Electronics,25.0,11,0.52,0,0,delivered
ord_100076,0a345e4f296f700c142ba03881d55d62704f1619053f8d2e54c67e5935949418,2025-02-21 01:38:00,2609.28,prepaid,Fashion Accessories,25.0,1,0.7,0,0,delivered
ord_100077,58e157609cd3bb55002c28143bec7a77cb5ed1555a3bd3e04fe0fc8a0d02927f,2026-05-12 22:37:23,2600.15,prepaid,Electronics,0.0,22,0.99,0,0,delivered
ord_100078,05fd223635652c096b32bb1ebc68df0c01be76fb340a94afbe5978b00f159b77,2025-09-26 18:20:15,499.24,COD,Footwear,50.0,18,0.97,0,0,RTO
ord_100079,837b9fd2eb8c8d9c3cf6b548b408af8a6890ffdd17678ace8210c34aba48f2d1,2026-04-05 16:06:32,5187.25,COD,Fashion Accessories,40.0,16,0.88,0,0,delivered
ord_100080,dc0492bb575edd8ce47274f196c9be3ec7f39cbc11335b5709d9a0e1090ef9a7,2026-01-22 20:06:08,1392.18,COD,Fashion Accessories,50.0,20,0.69,0,0,RTO
ord_100081,dc1a05401694471ff2c43fe7e0b9de44bf21560c9897961fd67061e8c9b2322e,2026-01-12 03:05:43,1543.59,COD,Electronics,15.0,3,0.65,0,0,delivered
ord_100082,cf943c56427c7e9d17d12bbbd52a987f4b36cd6f4a37b87964f17cd1ffc62cdd,2025-12-16 05:04:37,2744.67,COD,Footwear,25.0,5,0.58,0,0,delivered
ord_100083,a6244f77cc21608c844d370073709c525fd30f980af5841e09531f3474f676c7,2026-02-04 19:09:59,435.02,prepaid,Beauty & Care,25.0,19,0.81,0,0,delivered
ord_100084,a1e91752407c7884fd46ee1043d61c717c4f032be610800938c457dfe2261459,2025-08-07 12:51:44,9087.23,prepaid,Fashion Accessories,40.0,12,0.58,0,0,delivered
ord_100085,60693a43b3e815e18f883506a18b5f1bca314d15b3f8be9a5f9965354d8cddec,2025-11-08 03:22:57,844.01,COD,Home & Kitchen,15.0,3,0.45,0,1,RTO
ord_100086,4ca2886300a4091b273c1147072afe796f93856ac03c6064f4ed088c17d17c56,2025-04-10 22:27:33,5274.58,COD,Footwear,10.0,22,0.54,1,0,RTO
ord_100087,77d7b0b6f0a2fefed99325b405c2b0df9df4eee3126b2d1c34c2caaa879f7a81,2026-09-17 11:00:35,4954.91,COD,Home & Kitchen,40.0,11,0.65,0,0,delivered
ord_100088,5141c52a4da0e2e13c9c3612ef9dc3b5a32804c3d58631e9e9a08455856b43fd,2026-01-30 01:02:12,5018.92,COD,Fashion Accessories,0.0,1,0.61,0,0,delivered
ord_100089,6a6db79547d05b166c2b3585c6df4ea30bbb51955b6283136806f92bf42a0472,2026-04-09 15:12:06,4990.02,prepaid,Home & Kitchen,0.0,15,0.78,0,0,delivered
ord_100090,c8891fd20a2a57877a3be58ab3d28e239a5e74294b6ea114796630bc1f5d8ef3,2025-04-25 18:44:19,8942.96,COD,Home & Kitchen,0.0,18,0.72,0,0,delivered
ord_100091,16bf5b1bc736b776a4fe513f5099a52edffe5da4e625f900cd4af2aba13a0785,2026-08-25 22:31:50,8923.91,COD,Fashion Accessories,10.0,22,0.76,0,0,delivered
ord_100092,0fce2b58ca477ddad7503589f711a4f9736c926359cd27320b558da97f43ea0f,2025-09-01 16:46:20,1417.51,COD,Home & Kitchen,50.0,16,1.0,0,0,delivered
ord_100093,4f765f515e82666c7575ff00f3056ab96f981f263ae3c8022ea6613c5b619b8d,2025-05-30 08:03:49,1075.59,COD,Footwear,15.0,8,1.0,0,0,delivered
ord_100094,5df092e76c6fb05acce2c57217b2d6e23b01482e6434515bdc569439f9f05433,2026-09-10 19:25:49,9116.28,COD,Home & Kitchen,25.0,19,0.9,0,0,delivered
ord_100095,dcbc9dc643aa3f5e7b8c755da777adcc8ea3a99c931e386d32144d1cf0d1d179,2025-12-10 14:29:18,1030.18,prepaid,Electronics,15.0,14,0.43,0,0,delivered
ord_100096,8bb9eea8ff352b83f4ecd499c9074e14ccf4f47029ddc2f2b12a380663330cdb,2025-06-25 06:49:27,1485.94,COD,Beauty & Care,0.0,6,0.82,0,0,delivered
ord_100097,e8c3ec5c25a67b5b0637bc605bf097a1bce0e9d403addbfd5d80fdd8cf273592,2025-11-13 01:18:16,2659.22,COD,Beauty & Care,15.0,1,0.58,0,1,RTO
ord_100098,2d4ac7a2c1ad6162467f10f5bb0d28cce5ea7b2b6571f0726690627720180aa2,2025-06-30 08:53:53,866.15,prepaid,Apparel,10.0,8,0.32,0,0,delivered
ord_100099,c80e0f9378571a627e6fd14e9d0975101495797a3e6446ded57c8a41dfd4cd69,2026-03-18 03:34:35,1380.74,prepaid,Footwear,50.0,3,0.78,0,0,delivered
ord_100100,8d76c70fae18129013e4f86574eacaf1f3d48df265a694c5e3dfd5a9570d3061,2026-09-21 05:23:00,9001.91,COD,Beauty & Care,10.0,5,0.5,0,0,delivered
ord_100101,8d76c70fae18129013e4f86574eacaf1f3d48df265a694c5e3dfd5a9570d3061,2025-05-17 07:27:44,2605.11,COD,Beauty & Care,0.0,7,0.71,0,0,delivered
ord_100102,33f58c41191b6ac0fcfa51613ab21453b6405ef0be1595ac1a8643083efdedef,2025-01-06 07:19:21,1319.78,COD,Footwear,50.0,7,0.78,0,0,delivered
ord_100103,67dc57ec548e729c49b974b79b583a129932ccab35a58d6b1b69ad6fd27d66e6,2025-08-27 07:17:05,1475.12,COD,Fashion Accessories,50.0,7,0.95,0,0,RTO
ord_100104,b95f3a43584e32453531ae39f2910144087a566ae7fae6c008d3de99c6e93a85,2026-01-07 09:57:24,1365.34,prepaid,Home & Kitchen,40.0,9,1.0,0,0,delivered
ord_100105,e6e695e615574e730a279625802e117dc62c4d04f57786dcde2c2565d680bbe7,2025-12-13 23:59:09,423.7,COD,Home & Kitchen,40.0,23,0.92,0,0,RTO
ord_100106,786e394dfa81db0e331bd00bddcc187319ed750319914c8a3b8402ef78e9c359,2025-12-10 04:30:17,2435.38,COD,Home & Kitchen,40.0,4,0.73,0,0,RTO
ord_100107,1b489e2b9b5cfc14cffbad47d1d2e38ae57cd6a0f67226f22463c2bbfa44eb4e,2025-02-14 20:17:29,8907.71,COD,Footwear,15.0,20,1.0,1,0,RTO
ord_100108,0d806512d213c2dc5fb2b6445822fa439a3b4b2fdd7e7a29f48e50e2eed60478,2026-02-25 08:01:07,2411.69,prepaid,Apparel,25.0,8,0.62,0,0,delivered
ord_100109,f97b9e4f4d324d5fee960057f4942943613842f2b48d620a10e81b12f70ed359,2025-10-25 01:56:12,2431.1,prepaid,Beauty & Care,50.0,1,0.9,0,0,delivered
ord_100110,e825ee7785b2d0e5ee07c3a12122ced97ee7accebb304ec26f97b5a523aa61c0,2025-11-02 07:08:38,1032.93,COD,Fashion Accessories,0.0,7,1.0,0,1,RTO
ord_100111,c8891fd20a2a57877a3be58ab3d28e239a5e74294b6ea114796630bc1f5d8ef3,2025-06-28 09:14:54,1073.96,COD,Footwear,50.0,9,0.89,0,0,RTO
ord_100112,b3918b435da9406245384da1d9d01eb6d2038d14c62f7f656f98aa17d72a2c84,2025-03-20 08:51:03,9247.88,COD,Fashion Accessories,10.0,8,0.89,0,0,RTO
ord_100113,880cfa7b9a803952a7ffd2540343b7e293958bf26a2be2f775ba1e5bab61d585,2025-04-19 20:18:59,5026.56,COD,Fashion Accessories,40.0,20,1.0,0,0,delivered
ord_100114,786e394dfa81db0e331bd00bddcc187319ed750319914c8a3b8402ef78e9c359,2025-06-21 16:32:07,5250.89,COD,Home & Kitchen,10.0,16,0.83,0,0,delivered
ord_100115,f4105051db521505742fa9d5be8fa015d433da89646495f204754f4d00f8cf40,2026-09-03 08:27:33,818.96,COD,Beauty & Care,10.0,8,0.92,0,0,delivered
ord_100116,6bcad298d175cb648e0029793355a2a5fd682efcff29dda73aa1fc10de6e0efc,2026-09-18 20:45:22,2621.91,COD,Beauty & Care,10.0,20,0.7,0,0,RTO
ord_100117,22492764b8cedbd478f82c37705809397740558253930c6b5c2da4503fb9328a,2025-10-16 05:23:09,506.38,prepaid,Electronics,50.0,5,0.79,0,1,delivered
ord_100118,5df092e76c6fb05acce2c57217b2d6e23b01482e6434515bdc569439f9f05433,2025-06-18 13:28:52,1581.81,prepaid,Footwear,0.0,13,0.63,0,0,delivered
ord_100119,d37d8a41717a7cbd92b01cce319acd460202c48669f361c53952f972041be734,2026-06-25 07:24:49,5027.65,COD,Electronics,15.0,7,0.66,0,0,RTO
ord_100120,f82bfdcf8fcadf5e95fa29436c260369739dcca4afd0c2c3850266d5d41cf612,2026-01-22 05:55:14,2703.65,prepaid,Fashion Accessories,15.0,5,0.98,0,0,delivered
ord_100121,4b06a3fe4a2b9bdfbf7ccddbf7f3aa211ae46fa51ba2d5bf81367299798f2e3e,2026-07-30 17:56:45,5187.0,COD,Home & Kitchen,15.0,17,0.57,0,0,delivered
ord_100122,a6244f77cc21608c844d370073709c525fd30f980af5841e09531f3474f676c7,2026-03-04 16:43:14,2785.6,COD,Footwear,50.0,16,0.9,0,0,RTO
ord_100123,ab9195748bba3d0cd9e452dc04a9469cd759262a33b6640143359140f9431cee,2026-01-15 06:52:33,608.58,prepaid,Fashion Accessories,0.0,6,0.9,0,0,delivered
ord_100124,332ff4655ca28410391cc53201cea90c1da65477a410ded780e7fd848940a38c,2025-01-08 02:24:33,5154.09,COD,Apparel,40.0,2,0.72,0,0,RTO
ord_100125,b7aae3f5a7fe857aa4279af87b6f61a57de8419aedb31410b25190a46555aa2d,2026-09-24 14:20:57,766.22,COD,Electronics,40.0,14,0.6,0,0,delivered
ord_100126,cf943c56427c7e9d17d12bbbd52a987f4b36cd6f4a37b87964f17cd1ffc62cdd,2026-09-10 10:41:14,2625.0,COD,Beauty & Care,50.0,10,0.45,0,0,delivered
ord_100127,b04615faee3ac481e3ddf84d0345e1d446b00fccbdddc46d8bedd34bcfdc1207,2025-03-14 14:58:32,653.7,COD,Beauty & Care,50.0,14,0.52,0,0,delivered
ord_100128,b04e6efa2f7b58c0df5e28eb63d71f292dc4b573c67293bc7728709e0ab6a1f4,2025-03-16 01:40:24,1059.51,prepaid,Electronics,50.0,1,1.0,1,0,delivered
ord_100129,ef4a6af36573cb53895044cbe5f431144ddc346af9aebfcc6d4c814a09a11d5d,2026-02-26 18:49:33,783.59,COD,Footwear,40.0,18,0.59,0,0,delivered
ord_100130,580cf8d120d2f89e2e5fce4a185f65405267cb7c8e0e7130108f51c1a801a81f,2025-09-15 15:53:32,8930.37,prepaid,Fashion Accessories,50.0,15,0.62,0,0,delivered
ord_100131,b2cbb6d271a384cf2b77128e9c2d124a5bc0fc70229643d268c51a267dd431a8,2026-08-24 20:06:31,2490.26,COD,Beauty & Care,40.0,20,1.0,0,0,delivered
ord_100132,779649dce773e3495be76c4e05f3fc289c509fb331834bc109c8048a1d98ae8f,2026-08-23 18:14:37,431.82,prepaid,Fashion Accessories,10.0,18,0.56,0,0,delivered
ord_100133,932ee04a63d8411de0308038ee330bc41185ab381fd8199b6d6277f245c6b2e4,2025-03-24 18:15:11,1503.54,prepaid,Beauty & Care,0.0,18,0.59,0,1,delivered
ord_100134,55081966d992f54d80c69ee307c9edc023a7db00902b01161f2e7d5563cd06a5,2025-03-22 05:31:11,5138.22,COD,Apparel,15.0,5,0.62,0,1,delivered
ord_100135,d37d8a41717a7cbd92b01cce319acd460202c48669f361c53952f972041be734,2026-03-21 06:06:54,806.57,COD,Electronics,15.0,6,0.75,0,0,delivered
ord_100136,4f765f515e82666c7575ff00f3056ab96f981f263ae3c8022ea6613c5b619b8d,2026-08-31 21:57:48,9149.01,COD,Electronics,40.0,21,0.82,0,1,RTO
ord_100137,783a3a76d6ff66053432770b6f3b0a63a856c1da061d5572aa7376ae5b98b8fc,2025-09-16 00:58:39,2532.89,COD,Footwear,50.0,0,0.6,0,0,RTO
ord_100138,e9c93b770bad751b76f850f35ac1125fb1c701efd4ff401ed451c0e71a252f50,2026-03-24 07:10:04,2545.01,COD,Footwear,40.0,7,0.28,1,0,RTO
ord_100139,80af19485b8f9aceb5592a5a61bac5274f77903c4ebbb3d556259e912f1c6a1e,2025-12-07 13:23:33,2668.19,prepaid,Apparel,10.0,13,0.81,0,0,delivered
ord_100140,9276f96f676194a240da2529e04e55aa8893053821fe667701ca36f0a9a3118b,2025-12-15 19:12:37,5101.65,COD,Beauty & Care,50.0,19,0.72,0,0,delivered
ord_100141,6205849e8db31ef8ea759e622edd56ebdc796671aea90cbddacd6cdbbc3022d1,2026-04-07 05:36:21,9164.88,COD,Electronics,10.0,5,0.8,0,0,delivered
ord_100142,4fdaad9a6444512e88e50908966394880d372d9fb8c2285ca635eb9f11a329c6,2026-08-08 15:01:26,438.44,prepaid,Apparel,10.0,15,0.76,0,0,delivered
ord_100143,b11fa7c9ddc2338b4903db279e03dbb0e092d79e9b14d9450eb11be5de7c3430,2025-12-26 16:07:25,836.99,COD,Home & Kitchen,0.0,16,0.74,0,0,RTO
ord_100144,c36887923c2e5987823c8603138ca59069c19d6e21d0cd28f5bce0a13078b84d,2025-09-28 13:19:00,5092.17,COD,Electronics,25.0,13,0.73,1,0,delivered
ord_100145,d0edea88ea70b653ba8f097441d740e605d4815abf552fce2907f9e7cf61d99d,2025-09-24 11:26:11,8996.57,COD,Electronics,10.0,11,0.78,0,0,delivered
ord_100146,3c2f1a9ee524d762c1c33c307e28e974b9830e726057a04534543d2815351c25,2026-05-05 03:34:59,2410.68,COD,Beauty & Care,40.0,3,0.99,0,0,RTO
ord_100147,137460979b5be60064913b8b925485478a820ee7715f159a33dc2c81a3224029,2025-06-09 20:06:02,4939.7,prepaid,Apparel,40.0,20,0.59,0,0,delivered
ord_100148,a0384f89a6fccea23e697729d2266c3853980ec5162c6b7047ffb28ce48614a0,2026-05-12 09:50:51,4944.69,COD,Beauty & Care,15.0,9,1.0,0,0,delivered
ord_100149,c80e0f9378571a627e6fd14e9d0975101495797a3e6446ded57c8a41dfd4cd69,2026-04-23 06:49:17,494.43,COD,Footwear,0.0,6,0.4,0,0,RTO
ord_100150,002085a333aff0b4223c96c4580368b7bf9991668f3ee79b48b66c848d5b3c80,2025-11-25 14:00:52,9271.28,COD,Fashion Accessories,10.0,14,0.79,0,0,delivered
ord_100151,22492764b8cedbd478f82c37705809397740558253930c6b5c2da4503fb9328a,2026-04-27 02:38:20,2453.61,COD,Apparel,25.0,2,1.0,0,1,RTO
ord_100152,b6fc887da535eec6477d3b883fa962cbbdd24be8c8c8bcd4e40f5449ac7bed37,2026-01-15 14:01:09,1212.08,COD,Electronics,10.0,14,0.77,0,0,delivered
ord_100153,5d8f4f08afeb667e80c8078aa4858d34a6c9703f26c396a058091d4b20d130bc,2026-03-03 23:38:19,5228.31,COD,Footwear,15.0,23,0.81,0,0,RTO
ord_100154,6a36331ad82976d59989cff3a0f6dfab3e5d3a77b5cd3fdc41b73d5b2b100e14,2025-03-21 13:10:50,1548.92,COD,Electronics,0.0,13,0.72,0,0,delivered
ord_100155,4ca2886300a4091b273c1147072afe796f93856ac03c6064f4ed088c17d17c56,2026-08-26 10:49:18,5174.65,COD,Fashion Accessories,50.0,10,0.82,0,0,delivered
ord_100156,84981666bd32c0d6dc30ec95aeede0971a0f92ea4715c263615195b7427ac323,2026-09-18 14:29:56,5114.51,COD,Footwear,15.0,14,0.98,0,1,delivered
ord_100157,252eba80ab84de0641950efaa74600d8927bcbcf6e9797849ca2ea69b043e0c9,2025-04-16 07:33:37,1545.82,prepaid,Apparel,10.0,7,0.83,1,0,delivered
ord_100158,722d2f81f9044f170b7a99743514a90715cd4f2bc133c3a674683c7f12293e4f,2026-08-15 10:53:47,5151.96,COD,Electronics,50.0,10,0.7,0,0,delivered
ord_100159,1890f3288c20bed3ecc787a94152165fab05011688474b8cd4d0d887ca47cdcc,2025-11-09 21:40:57,9273.53,COD,Footwear,15.0,21,0.72,0,1,delivered
ord_100160,1890f3288c20bed3ecc787a94152165fab05011688474b8cd4d0d887ca47cdcc,2026-07-22 17:33:31,1539.04,COD,Fashion Accessories,40.0,17,0.97,0,0,delivered
ord_100161,7454eb320a2fdab8fa97907a0ba0d7b8112cf5dae118caecbe4f9954eb591dd1,2026-03-25 21:27:50,9203.9,prepaid,Footwear,0.0,21,0.73,0,0,RTO
ord_100162,d22b778f0986ef28c52ff2d44a937d6f779cbc2ac7068238136cdaf31fa0575e,2025-06-07 03:29:04,1262.59,prepaid,Fashion Accessories,15.0,3,0.53,0,0,delivered
ord_100163,163542cffac27f7f31b09105ea51b56b0a85a7b8797079788d4608ecd07d87ca,2025-02-10 05:23:05,870.69,COD,Fashion Accessories,0.0,5,0.74,0,0,delivered
ord_100164,7e2a24c813011cd83680221e67c4ac0a863ea7a476abb888c828a182cb9d5ad7,2025-01-07 06:17:49,8951.87,prepaid,Beauty & Care,0.0,6,0.65,0,0,delivered
ord_100165,df1606427cc9cc1e3eefa36c2633d82ffd3340ea91035fdcc8c300834fd2c107,2025-08-21 10:31:25,9296.18,prepaid,Electronics,10.0,10,0.41,0,0,delivered
ord_100166,2ac7b954ba641d0eaf326a6dd65a44f693b14400d22d49e50396200fcc35005c,2026-07-16 03:06:32,5173.63,prepaid,Beauty & Care,10.0,3,0.96,0,0,delivered
ord_100167,ba9f5ae2dbbdf467e0270336337ed2668335e0da4cd2853acced723ebde92ab7,2026-09-07 10:44:16,920.36,COD,Apparel,40.0,10,0.86,1,0,delivered
ord_100168,c83faed918e8637fe61b534629c21e20869a2959c511b0dc27b2f6f4dc734bbe,2025-06-09 13:47:08,2517.22,COD,Fashion Accessories,0.0,13,1.0,0,0,delivered
ord_100169,aadb6aeefcc127b3e8454a3ed52bd8d640d6414561f625d1ddec60ba7c6789c2,2026-01-24 00:53:36,1572.57,COD,Apparel,10.0,0,0.51,0,0,RTO
ord_100170,716065e9530497584a753e860d5f3c7aa6b633ecb42765f847b239cc4d2d7723,2026-08-22 08:40:57,1285.3,COD,Apparel,0.0,8,1.0,0,1,delivered
ord_100171,d4b6e8219d45bbfddf7af76d3e562872878604b8ebf14e0faafb73038bc2c1fa,2026-06-30 02:41:54,4960.07,COD,Home & Kitchen,0.0,2,0.62,0,0,delivered
ord_100172,6205849e8db31ef8ea759e622edd56ebdc796671aea90cbddacd6cdbbc3022d1,2025-09-11 19:04:01,9156.26,COD,Fashion Accessories,15.0,19,1.0,0,0,RTO
ord_100173,0a345e4f296f700c142ba03881d55d62704f1619053f8d2e54c67e5935949418,2025-12-04 11:21:40,1465.43,COD,Apparel,50.0,11,0.84,0,0,RTO
ord_100174,dcbc9dc643aa3f5e7b8c755da777adcc8ea3a99c931e386d32144d1cf0d1d179,2026-02-11 05:31:35,847.75,prepaid,Footwear,50.0,5,0.88,0,0,delivered
ord_100175,d22b778f0986ef28c52ff2d44a937d6f779cbc2ac7068238136cdaf31fa0575e,2025-07-31 06:05:08,8929.83,COD,Home & Kitchen,25.0,6,0.75,0,0,RTO
ord_100176,e8c3ec5c25a67b5b0637bc605bf097a1bce0e9d403addbfd5d80fdd8cf273592,2025-07-18 03:42:30,8945.13,prepaid,Fashion Accessories,50.0,3,0.75,0,0,delivered
ord_100177,716065e9530497584a753e860d5f3c7aa6b633ecb42765f847b239cc4d2d7723,2025-10-10 17:00:49,1071.46,COD,Electronics,0.0,17,0.96,0,1,delivered
ord_100178,df149985894d4fae98383e14900145c1b959b70e952746dc228c639911d20561,2025-07-12 19:57:40,627.61,prepaid,Footwear,0.0,19,0.76,1,0,delivered
ord_100179,60693a43b3e815e18f883506a18b5f1bca314d15b3f8be9a5f9965354d8cddec,2025-11-08 09:46:51,1508.41,COD,Beauty & Care,15.0,9,0.62,1,1,RTO
ord_100180,1b489e2b9b5cfc14cffbad47d1d2e38ae57cd6a0f67226f22463c2bbfa44eb4e,2026-09-02 08:16:28,1435.68,COD,Beauty & Care,25.0,8,0.93,0,0,RTO
ord_100181,bf24119bf1e5f954e379eda6feabadaa1d73f852637120bb291c038504749b54,2025-01-19 13:43:10,779.4,COD,Fashion Accessories,0.0,13,0.89,0,0,delivered
ord_100182,84981666bd32c0d6dc30ec95aeede0971a0f92ea4715c263615195b7427ac323,2026-02-16 12:27:28,983.66,COD,Apparel,0.0,12,0.55,0,0,delivered
ord_100183,a15082459e0d6588fe31c6efe7f5f0d98a47c07b9f56f0f8dbc5c4829749e712,2026-08-04 21:51:19,9226.99,COD,Electronics,0.0,21,0.78,0,1,RTO
ord_100184,eb0cc0677aa06d645688cca299023208ab2f36c89b93fd055e57d5036786b21f,2025-07-22 17:13:25,9231.76,prepaid,Beauty & Care,15.0,17,0.66,0,0,delivered
ord_100185,e940baf46273ace88a116e5468cd4e5231e8f318211ecc4429c2a09d2be074f1,2025-03-26 15:24:03,1361.61,COD,Beauty & Care,40.0,15,0.54,0,0,delivered
ord_100186,1439d6dda3643c5753bcf5dfe19890fd667d36866e1bdb896cc7384765a46694,2025-03-12 05:34:03,9140.32,COD,Fashion Accessories,10.0,5,0.92,0,0,RTO
ord_100187,ce3874c6697ed419f6dfd894bb8fc76084dacf1f4d9f28e7664061d7724ec755,2025-11-04 18:31:55,1303.07,COD,Fashion Accessories,10.0,18,0.48,0,1,delivered
ord_100188,33f58c41191b6ac0fcfa51613ab21453b6405ef0be1595ac1a8643083efdedef,2025-03-15 13:48:25,403.78,prepaid,Electronics,10.0,13,0.63,0,0,delivered
ord_100189,fb10a68d5002ccc32c3ed8542900247be71e854b515dec0662aba045c6a1c06f,2026-09-24 06:42:14,9076.37,prepaid,Electronics,10.0,6,0.87,0,1,delivered
ord_100190,2d4ac7a2c1ad6162467f10f5bb0d28cce5ea7b2b6571f0726690627720180aa2,2025-12-03 10:37:12,2672.29,COD,Apparel,10.0,10,0.2,0,0,RTO
ord_100191,5b11c7d0f2a3179f738870d61641ddf9509537c758c06ffbe3d895ddbfbd76f5,2026-05-18 18:08:38,2423.39,COD,Home & Kitchen,15.0,18,0.68,0,0,delivered
ord_100192,33f58c41191b6ac0fcfa51613ab21453b6405ef0be1595ac1a8643083efdedef,2026-05-05 22:06:50,2711.77,COD,Apparel,15.0,22,0.72,0,0,RTO
ord_100193,e515d589a0b37e4cfd4511ac927c5095751f6b2f29cc1cb86716ae23a9c39ea5,2025-05-20 16:00:39,1222.44,COD,Apparel,25.0,16,0.79,0,1,RTO
ord_100194,aadb6aeefcc127b3e8454a3ed52bd8d640d6414561f625d1ddec60ba7c6789c2,2025-07-27 00:25:24,704.62,prepaid,Fashion Accessories,10.0,0,0.2,0,0,delivered
ord_100195,ebf3062392f08175ced3b5a6fd2ae13b86315bf1afa7976d1c1d6870eb2fde47,2026-04-06 05:21:51,4910.28,prepaid,Footwear,50.0,5,0.63,1,0,delivered
ord_100196,ab137ea95b698b97bd176a1a468e228eb9ffbc51c2d2b7a8db98469c444e7db7,2026-02-26 01:56:06,492.05,COD,Apparel,10.0,1,0.43,0,0,delivered
ord_100197,8158b7d58e7b6bd74454d56a939f42b54557225dc2c17ce984e8f7d4da952752,2026-07-11 20:41:10,407.77,prepaid,Footwear,40.0,20,0.83,1,0,delivered
ord_100198,f57281948bc4ed9d1f0d1e229bfe8ff6266124289bdf0faa92aa6efeed3da24c,2025-02-26 08:05:13,4939.41,prepaid,Beauty & Care,15.0,8,0.89,0,0,delivered
ord_100199,534178e1d7604e406fd5d8c11ee1f202e1bbd1f73bcd3e49608cc10efe4be1d5,2025-05-16 07:22:23,1288.29,COD,Home & Kitchen,40.0,7,0.92,0,0,delivered
ord_100200,6c36dc78b0ac15ec1fff4bcd64b84836d3eadbeab28bd858e48b522bb2200042,2026-07-21 02:23:37,2739.3,prepaid,Home & Kitchen,40.0,2,0.53,0,1,delivered
ord_100201,cf0f023d75c9e7ed57c8f907105415dd3fec9e9a6ccd95a64b7a4c1e316731eb,2025-07-04 20:33:56,727.66,COD,Fashion Accessories,50.0,20,1.0,0,0,RTO
ord_100202,33f58c41191b6ac0fcfa51613ab21453b6405ef0be1595ac1a8643083efdedef,2026-06-23 09:44:19,8899.51,COD,Apparel,25.0,9,0.71,1,1,RTO
ord_100203,a378cde438015ab23e6fbdf677caf3b726556842737f97b6119e7f0d206f4bb6,2025-09-30 19:25:24,5159.39,COD,Beauty & Care,50.0,19,0.58,0,0,RTO
ord_100204,aee2728636e439531bef3b570b57d369ea80c3228deae9f462a8ddd902cfaef0,2025-09-05 13:18:49,1054.17,COD,Footwear,10.0,13,0.93,0,0,delivered
ord_100205,4f765f515e82666c7575ff00f3056ab96f981f263ae3c8022ea6613c5b619b8d,2026-07-02 04:55:06,5254.9,prepaid,Electronics,10.0,4,0.52,0,1,delivered
ord_100206,174ccf791e1a704d54ce76d4752852c1a6589644d3b8fc0f09bef28ace438881,2026-07-15 19:45:56,1317.96,COD,Fashion Accessories,0.0,19,0.39,0,0,RTO
ord_100207,932ee04a63d8411de0308038ee330bc41185ab381fd8199b6d6277f245c6b2e4,2025-01-03 23:07:38,9139.09,COD,Fashion Accessories,10.0,23,0.58,0,0,delivered
ord_100208,7b15818f733d0ebb16496e99e5e8597d575cd17ebbce809dee617d68937a5573,2025-03-31 17:14:32,9005.0,COD,Beauty & Care,50.0,17,0.77,0,0,delivered
ord_100209,bbaf33bb340e8360fad7f9e4214c356c0f114c2abe03605fc31cf4599089507c,2025-02-04 15:43:11,1424.7,COD,Electronics,10.0,15,1.0,0,0,delivered
ord_100210,bad34b6c12bca992128b17a838b1349c114237b69a5798a558fcc1bcc4a38726,2025-11-18 13:16:13,735.32,COD,Home & Kitchen,40.0,13,0.69,0,0,delivered
ord_100211,cdcb5ab7a8ef488617d2f4e0149447752b220c7bb283168ed4ea1bd95403dead,2026-01-05 22:10:20,599.84,COD,Fashion Accessories,40.0,22,1.0,0,0,RTO
ord_100212,25dab259e236a34f864c5665b32b05b99a2436be2b6eb0831c1ea3dc27d64d83,2025-05-15 06:41:51,749.47,COD,Electronics,25.0,6,0.45,0,0,delivered
ord_100213,b3918b435da9406245384da1d9d01eb6d2038d14c62f7f656f98aa17d72a2c84,2025-03-09 14:18:32,1406.88,COD,Footwear,0.0,14,1.0,0,0,delivered
ord_100214,d311a967747bab33b2bc0180b61453a2f319784f9c8c433716d8c54df2075141,2026-03-17 02:04:34,624.07,prepaid,Apparel,0.0,2,0.52,0,0,delivered
ord_100215,3a450f47df9b661342857f5d666398499c25acf5dbe9a5ab4479a927449427c4,2025-04-22 17:36:29,557.32,COD,Beauty & Care,15.0,17,0.82,0,0,RTO
ord_100216,befe427d950fe0b50a6b8b122362995a85f146ef53a5a8edb5458ac87a6b2f8e,2025-01-16 17:10:06,1536.14,prepaid,Footwear,50.0,17,0.62,0,0,delivered
ord_100217,9112a8abd975e03b1925e5a61f2600acf75bf2c488df7cf4c4f38dec30007149,2026-04-15 21:37:42,2695.38,COD,Electronics,40.0,21,0.76,0,0,delivered
ord_100218,5ff68953b1f3b3a4d0585ba7677d961b798d2a4867d062e958a879e270bb7421,2026-08-30 05:52:50,776.11,prepaid,Apparel,10.0,5,0.9,0,0,delivered
ord_100219,da5fda2cac62fac29794afc6c6c3549e97945e094c5ce3f9a6f223c9931bf756,2025-10-14 02:34:39,2653.16,prepaid,Home & Kitchen,0.0,2,0.83,0,1,delivered
ord_100220,7b15818f733d0ebb16496e99e5e8597d575cd17ebbce809dee617d68937a5573,2026-04-01 20:14:26,9231.35,COD,Footwear,0.0,20,0.63,1,0,delivered
ord_100221,137460979b5be60064913b8b925485478a820ee7715f159a33dc2c81a3224029,2025-06-21 22:16:59,9062.8,COD,Footwear,0.0,22,0.87,1,0,RTO
ord_100222,7e2a24c813011cd83680221e67c4ac0a863ea7a476abb888c828a182cb9d5ad7,2025-06-23 19:22:32,9285.81,prepaid,Footwear,50.0,19,0.97,0,0,delivered
ord_100223,b2cbb6d271a384cf2b77128e9c2d124a5bc0fc70229643d268c51a267dd431a8,2026-03-30 23:37:49,1423.58,COD,Fashion Accessories,40.0,23,0.8,0,0,RTO
ord_100224,1d289cb6d08bd0de0fcbd254d2e67055b9fe8fe462f8a23d3538671d5715868b,2026-05-13 13:33:05,9279.88,COD,Fashion Accessories,50.0,13,0.67,0,0,delivered
ord_100225,3a450f47df9b661342857f5d666398499c25acf5dbe9a5ab4479a927449427c4,2026-05-29 01:10:39,9097.95,COD,Apparel,15.0,1,0.61,1,0,RTO
ord_100226,f629643e8fc3781b1e9bf5454ff4896916fc7772b393680a6ab3fdb95f8720a8,2026-09-26 19:36:59,9112.85,prepaid,Electronics,25.0,19,0.77,0,0,delivered
ord_100227,7682af01e78deb53a59f82c249833c5ce8917a0bfd8aee8c9f999c5f6b4d6026,2025-08-17 04:31:54,9222.34,COD,Footwear,10.0,4,0.82,0,1,delivered
ord_100228,1529fb30447f2e6c85c536498c893d9ec04b798536bc19ac7274e5f7f61bc669,2025-10-16 16:39:45,2420.47,COD,Apparel,50.0,16,1.0,1,0,delivered
ord_100229,16bf5b1bc736b776a4fe513f5099a52edffe5da4e625f900cd4af2aba13a0785,2025-04-04 01:31:51,2420.62,COD,Footwear,10.0,1,0.59,0,0,delivered
ord_100230,a15082459e0d6588fe31c6efe7f5f0d98a47c07b9f56f0f8dbc5c4829749e712,2025-04-22 05:53:30,2532.05,prepaid,Apparel,10.0,5,0.68,0,0,delivered
ord_100231,72b79e4ae06948a008c50be7f5284ec2f852396a5881173b2a21a261f6ea6b50,2026-08-17 19:00:35,944.79,prepaid,Apparel,50.0,19,0.71,1,0,delivered
ord_100232,f97b9e4f4d324d5fee960057f4942943613842f2b48d620a10e81b12f70ed359,2025-01-11 22:24:59,706.17,prepaid,Home & Kitchen,0.0,22,0.81,0,0,delivered
ord_100233,ce4aeb4aeb7e042ad3137effbdcb12846e2c64366778c8e452a99b4fc035a291,2025-03-21 18:37:12,728.54,COD,Electronics,15.0,18,1.0,0,0,delivered
ord_100234,5323f76b19be536c6babd7e9d8ae4dfe164b494818533f065bcc3f798112c2fc,2026-06-18 10:30:35,1499.05,COD,Beauty & Care,10.0,10,0.71,0,0,RTO
ord_100235,d0edea88ea70b653ba8f097441d740e605d4815abf552fce2907f9e7cf61d99d,2026-04-04 00:40:16,9215.85,COD,Fashion Accessories,25.0,0,0.92,0,0,RTO
ord_100236,2aaf6850bcc188288b0808bf4eb578dc6f749a1ec8b3ffef3009ff235d13c9a3,2026-05-30 04:00:49,8945.32,prepaid,Apparel,25.0,4,0.66,0,0,delivered
ord_100237,7e2a24c813011cd83680221e67c4ac0a863ea7a476abb888c828a182cb9d5ad7,2025-08-22 21:13:03,1448.12,COD,Home & Kitchen,50.0,21,0.58,0,0,RTO
ord_100238,9e4b82ae3d5fbf79e5399efc8ac19724e6f271b13247f53e71a4ecb413074201,2025-06-06 15:27:38,618.26,COD,Electronics,10.0,15,0.87,0,0,RTO
ord_100239,9180eea98f4fd188130162887b842d68d7754a839fd88006470ae1147552b723,2025-03-27 18:34:53,710.81,COD,Electronics,0.0,18,0.84,0,0,RTO
ord_100240,31cc6e65511571750238a4c85a8c713b7e43c9c61d0296516890c22a6f39eefd,2025-07-25 03:38:50,739.9,COD,Electronics,15.0,3,0.9,0,0,RTO
ord_100241,60693a43b3e815e18f883506a18b5f1bca314d15b3f8be9a5f9965354d8cddec,2025-01-08 12:18:18,1342.01,COD,Electronics,25.0,12,0.96,0,0,delivered
ord_100242,6c9a720469fb8641709276c2a08c674765337ceb83788f6d610f8f1294bd3b59,2025-05-23 00:55:59,1533.28,COD,Beauty & Care,50.0,0,1.0,0,0,delivered
ord_100243,e390a6807b691c12275e862985df607f51b5030749be5c87528290724117389b,2025-05-04 19:20:44,5170.36,prepaid,Beauty & Care,10.0,19,0.92,0,0,delivered
ord_100244,ce4aeb4aeb7e042ad3137effbdcb12846e2c64366778c8e452a99b4fc035a291,2026-01-11 05:15:26,2417.39,COD,Beauty & Care,15.0,5,1.0,0,0,delivered
ord_100245,473c49bdaac1331f35febb46df4ad17768bebee6ea0a6079f3c4efb999d8379c,2026-06-05 06:48:13,9146.3,COD,Fashion Accessories,25.0,6,0.82,0,0,delivered
ord_100246,a6a2683c5447245581f7348e39d4aef60ed25dda03bc923a67c559cd3207a431,2025-04-26 11:07:11,403.66,COD,Home & Kitchen,10.0,11,0.75,0,0,RTO
ord_100247,e9c93b770bad751b76f850f35ac1125fb1c701efd4ff401ed451c0e71a252f50,2025-09-07 01:02:51,4988.08,prepaid,Apparel,50.0,1,0.52,1,0,delivered
ord_100248,2d4ac7a2c1ad6162467f10f5bb0d28cce5ea7b2b6571f0726690627720180aa2,2025-12-15 01:09:47,791.27,COD,Footwear,50.0,1,0.81,0,1,RTO
ord_100249,04889b0e809c8e8b93ae050a66b9a6570cf956965b7405320d396da38aaf8798,2026-09-07 23:54:36,5123.93,COD,Footwear,50.0,23,0.7,0,0,delivered
ord_100250,7b15818f733d0ebb16496e99e5e8597d575cd17ebbce809dee617d68937a5573,2026-07-11 15:28:28,702.73,prepaid,Apparel,10.0,15,0.49,0,0,delivered
ord_100251,f97b9e4f4d324d5fee960057f4942943613842f2b48d620a10e81b12f70ed359,2026-06-30 08:01:08,1027.74,prepaid,Beauty & Care,50.0,8,0.84,0,0,delivered
ord_100252,92270fe617aca61b934010a4c399b2cb22c9e526ed8e1d12cf8a2171c1354849,2025-06-17 10:52:46,1242.11,prepaid,Fashion Accessories,25.0,10,0.82,0,0,delivered
ord_100253,e216abdbe26329efcc00b6f04d2a63f839debd867048a06d36052dfeb3070dd1,2025-04-15 13:47:49,620.29,COD,Fashion Accessories,25.0,13,0.97,0,0,delivered
ord_100254,6c36dc78b0ac15ec1fff4bcd64b84836d3eadbeab28bd858e48b522bb2200042,2026-06-22 08:25:00,553.96,prepaid,Electronics,40.0,8,0.8,0,0,delivered
ord_100255,33f58c41191b6ac0fcfa51613ab21453b6405ef0be1595ac1a8643083efdedef,2025-08-01 12:11:48,2720.92,COD,Footwear,10.0,12,0.65,0,0,delivered
ord_100256,87928e3250507fb5e2b6ea5eb8d0424d5b2ce72148f0a03956e4186857b721ce,2026-07-07 22:17:59,782.89,COD,Electronics,50.0,22,0.64,0,0,delivered
ord_100257,18edd58cec04efe724cc0178e4506a4595a2e1aaf07df02932db73d691cee4d5,2026-01-27 09:15:16,703.31,COD,Fashion Accessories,40.0,9,0.73,0,0,delivered
ord_100258,bf2c27e1647db7f2c8612708b1f6c583bdbb7fcb879b4a1f0217e9ba7a2c1f20,2025-08-11 02:05:01,4941.59,COD,Apparel,25.0,2,0.38,0,0,RTO
ord_100259,62c76739c74b90ed3f524a9bd53cacf2311a4fc04cef328fd4040b2314da0c88,2026-06-15 19:19:08,1280.6,prepaid,Fashion Accessories,40.0,19,0.94,0,0,delivered
ord_100260,e67a156c6473fea721cf1593fc589a2fd5c856f4b9275420d4e26ea39dabd670,2026-06-23 05:15:52,2781.68,prepaid,Beauty & Care,50.0,5,0.61,1,0,delivered
ord_100261,ab21508e05a2a974eb24bc0929bd56df84a76ca344a6cbbb21e3c652774276ad,2025-06-25 04:31:43,1501.04,prepaid,Fashion Accessories,40.0,4,0.85,0,0,delivered
ord_100262,25dab259e236a34f864c5665b32b05b99a2436be2b6eb0831c1ea3dc27d64d83,2025-05-18 19:27:30,9104.54,COD,Electronics,25.0,19,0.53,0,0,RTO
ord_100263,baf45a4a0cc19e84c5f10c678ca158177adcfe4559b0d6755fe82de25923545e,2025-01-05 09:13:58,460.48,prepaid,Electronics,15.0,9,0.9,0,0,delivered
ord_100264,c83faed918e8637fe61b534629c21e20869a2959c511b0dc27b2f6f4dc734bbe,2026-01-17 00:31:56,9026.14,COD,Apparel,10.0,0,1.0,0,0,delivered
ord_100265,3a450f47df9b661342857f5d666398499c25acf5dbe9a5ab4479a927449427c4,2025-03-13 09:59:21,1331.43,prepaid,Fashion Accessories,15.0,9,0.36,0,0,delivered
ord_100266,7e2a24c813011cd83680221e67c4ac0a863ea7a476abb888c828a182cb9d5ad7,2025-03-31 02:34:19,5266.44,COD,Fashion Accessories,10.0,2,1.0,0,0,RTO
ord_100267,8b87f07da9716969ebfd69614a24337141793380192f55494317d06096b0b7c5,2026-08-22 11:03:18,2416.54,prepaid,Beauty & Care,50.0,11,0.53,0,0,delivered
ord_100268,e825ee7785b2d0e5ee07c3a12122ced97ee7accebb304ec26f97b5a523aa61c0,2026-02-19 03:40:37,9208.43,COD,Fashion Accessories,50.0,3,0.72,0,1,delivered
ord_100269,5323f76b19be536c6babd7e9d8ae4dfe164b494818533f065bcc3f798112c2fc,2026-05-18 04:46:24,708.5,COD,Fashion Accessories,50.0,4,0.69,0,0,delivered
ord_100270,919bfbfc24d822b01abf0a0bf119b27bcc3fcd5479e6e677adfa947ac9e7e81f,2025-02-24 17:08:08,2554.21,COD,Footwear,50.0,17,0.7,0,0,RTO
ord_100271,0d806512d213c2dc5fb2b6445822fa439a3b4b2fdd7e7a29f48e50e2eed60478,2026-08-11 04:07:36,1570.22,COD,Apparel,0.0,4,0.52,0,0,delivered
ord_100272,f4105051db521505742fa9d5be8fa015d433da89646495f204754f4d00f8cf40,2025-11-03 21:26:41,2461.53,prepaid,Apparel,10.0,21,0.55,0,1,delivered
ord_100273,6bcad298d175cb648e0029793355a2a5fd682efcff29dda73aa1fc10de6e0efc,2025-08-20 12:10:33,9048.25,prepaid,Fashion Accessories,0.0,12,0.79,0,0,RTO
ord_100274,92270fe617aca61b934010a4c399b2cb22c9e526ed8e1d12cf8a2171c1354849,2026-02-22 05:14:23,9195.57,COD,Electronics,50.0,5,0.66,0,0,delivered
ord_100275,f47c5a3efc1c6ca5dba8b43180c23e503124792b1a8047d8bfc1c136e35d0b2f,2025-05-23 21:52:22,471.54,prepaid,Electronics,40.0,21,0.72,0,0,delivered
ord_100276,5b85b75c437dfe07fd4323a8f0426c6348e91ff179c2df80b1b355ddf5615c00,2025-06-03 08:07:50,1250.29,COD,Footwear,50.0,8,0.62,1,0,RTO
ord_100277,9bcfecab66700d78caab2b3edb39cc77ffada5105c05585a0b08e98005810116,2025-12-17 00:38:59,4959.96,COD,Fashion Accessories,40.0,0,0.68,0,0,RTO
ord_100278,722d2f81f9044f170b7a99743514a90715cd4f2bc133c3a674683c7f12293e4f,2026-09-03 05:45:57,1535.04,prepaid,Beauty & Care,10.0,5,0.84,0,0,delivered
ord_100279,a937b36105e5f249399a197680bbacba7fa6ac562b0065054036b5dd4c4cb9f6,2026-01-14 05:48:16,735.72,COD,Home & Kitchen,10.0,5,0.92,0,0,delivered
ord_100280,b75558db8e801b61b28142d125aba6918f2bfcbf4648293bcdf742ce6e57af48,2025-01-15 11:17:37,5061.05,COD,Home & Kitchen,40.0,11,0.79,0,0,delivered
ord_100281,1646fc67306ee951174388b9966a426c97563f8f000b8b8212dbb830f35d5a2a,2025-04-14 23:43:39,1399.87,COD,Beauty & Care,50.0,23,0.85,0,0,delivered
ord_100282,b04e6efa2f7b58c0df5e28eb63d71f292dc4b573c67293bc7728709e0ab6a1f4,2026-05-28 04:21:17,2774.67,COD,Fashion Accessories,0.0,4,0.56,0,0,RTO
ord_100283,434d20c4ceed247e6d2c03ed3ceb81bafb918ae7fe54b9b862781a51a51b39b4,2026-06-04 07:20:20,2586.87,prepaid,Footwear,25.0,7,0.81,0,0,delivered
ord_100284,3d2af34d49a8b3be22ddb1ff3483157f204a2207b24c48e77612521fa390fe2d,2026-03-26 10:28:18,2545.12,COD,Fashion Accessories,50.0,10,0.59,0,0,delivered
ord_100285,745496071d23fb3e7731861c9b5a65ce8d42dd853e5c3df493a737a14aa04b4e,2026-04-15 07:18:32,791.0,prepaid,Beauty & Care,40.0,7,0.81,0,1,delivered
ord_100286,4ca2886300a4091b273c1147072afe796f93856ac03c6064f4ed088c17d17c56,2026-05-29 11:58:37,591.61,prepaid,Fashion Accessories,25.0,11,0.73,0,0,delivered
ord_100287,d37d8a41717a7cbd92b01cce319acd460202c48669f361c53952f972041be734,2025-02-03 12:16:07,9104.06,COD,Electronics,40.0,12,0.6,0,0,delivered
ord_100288,3c2f1a9ee524d762c1c33c307e28e974b9830e726057a04534543d2815351c25,2026-04-11 12:50:02,9163.7,COD,Fashion Accessories,15.0,12,0.95,0,0,delivered
ord_100289,745496071d23fb3e7731861c9b5a65ce8d42dd853e5c3df493a737a14aa04b4e,2025-05-13 11:35:43,5227.18,COD,Electronics,10.0,11,0.84,0,0,delivered
ord_100290,46c0968c07fa3e0f70bcb71031efa46496806768a507ff2e458535d1c22aa8ab,2026-04-09 08:11:16,742.43,COD,Beauty & Care,10.0,8,0.84,0,0,delivered
ord_100291,b9c948e768e9d8fd7b6b465c0d800396b3a401ff041a4a4525bcc6999cc61b8f,2025-05-18 19:23:21,5100.33,COD,Apparel,0.0,19,0.34,0,0,RTO
ord_100292,d28c7bb80db3b4d51059318802e468379994b514af53372b06a2f82d1a031d68,2026-02-10 11:36:35,5070.58,prepaid,Fashion Accessories,25.0,11,0.91,0,0,delivered
ord_100293,c307a6dca7b8f04b891e4302f53ee02d4ffde4619ab4acd75273e5863d278a31,2025-03-17 21:34:30,512.31,COD,Electronics,40.0,21,0.71,0,0,delivered
ord_100294,72b79e4ae06948a008c50be7f5284ec2f852396a5881173b2a21a261f6ea6b50,2026-02-10 20:51:48,974.11,COD,Fashion Accessories,15.0,20,0.71,0,0,delivered
ord_100295,47324a56ed03cbe71e767b657b2de5360ece2253500154cb68f627b89503a368,2026-02-21 09:43:10,9057.98,COD,Footwear,10.0,9,0.61,0,0,delivered
ord_100296,8d0a3dddcefeb610790610cf093cd4f469a315259bb94a4f943a5a4fda132c80,2025-08-27 04:25:40,8954.23,prepaid,Beauty & Care,50.0,4,0.58,0,0,delivered
ord_100297,33046fe1edd9366710ed7a181a31f2a74428c0eda13a7c58d2376e1aa3e70fb2,2025-06-16 13:47:22,5177.82,prepaid,Home & Kitchen,50.0,13,0.5,0,0,delivered
ord_100298,fbdc88017f80fb75fb1972eaa9a23a0485342dbffe7c8bba674b2b4e3394b290,2026-01-02 08:32:27,1287.71,COD,Apparel,0.0,8,0.89,0,0,delivered
ord_100299,62c76739c74b90ed3f524a9bd53cacf2311a4fc04cef328fd4040b2314da0c88,2026-07-07 17:17:38,9096.75,COD,Electronics,0.0,17,0.45,0,0,RTO
ord_100300,59e0f4ba3cd3627b9ca8bc384d6c357f136908e2af1bce26e5f6feefdf94448e,2026-09-01 22:03:47,4966.79,COD,Electronics,0.0,22,0.61,0,0,RTO
ord_100301,1d289cb6d08bd0de0fcbd254d2e67055b9fe8fe462f8a23d3538671d5715868b,2026-08-29 14:09:21,4979.12,COD,Beauty & Care,0.0,14,0.84,0,0,delivered
ord_100302,5df092e76c6fb05acce2c57217b2d6e23b01482e6434515bdc569439f9f05433,2026-03-29 18:38:52,941.55,prepaid,Footwear,10.0,18,0.72,1,0,delivered
ord_100303,fcde7fb17da20cd45ca0c66ad5eb9abd17cc4b4d588c2977a9f271931881dc8a,2025-03-24 16:39:02,720.18,COD,Footwear,15.0,16,0.83,0,0,delivered
ord_100304,af82c2ffb81c75723f713bcda15b7f31923bd1b33d54058cb5025068825f49e4,2026-08-26 10:12:34,591.79,COD,Home & Kitchen,15.0,10,0.61,0,0,delivered
ord_100305,7e2a24c813011cd83680221e67c4ac0a863ea7a476abb888c828a182cb9d5ad7,2026-06-29 08:12:16,2668.48,COD,Apparel,15.0,8,0.74,0,0,delivered
ord_100306,8fdb9196d5ea5d68e9d131d38c48a6f62ffa653eba1dd78700153b869c7b6cc6,2026-01-23 14:01:18,1281.71,COD,Electronics,10.0,14,0.53,0,0,RTO
ord_100307,ab137ea95b698b97bd176a1a468e228eb9ffbc51c2d2b7a8db98469c444e7db7,2026-04-22 18:33:51,2547.48,prepaid,Apparel,15.0,18,0.57,0,1,delivered
ord_100308,ebed19d3c521399b2604e1285de3ac547b1eec08187974b9695638b41ddb6994,2025-08-06 16:32:54,609.29,prepaid,Electronics,25.0,16,0.73,0,0,delivered
ord_100309,45586f9779210a1ed188b9e4f295c88e580479cc6119a0172909080c6766ec6c,2025-12-22 02:45:06,1474.68,COD,Beauty & Care,0.0,2,0.85,0,0,RTO
ord_100310,fb10a68d5002ccc32c3ed8542900247be71e854b515dec0662aba045c6a1c06f,2025-05-26 08:46:27,5036.24,COD,Beauty & Care,10.0,8,0.75,0,0,delivered
ord_100311,f4627b8acd3e0f0b99ab051187d0988ddeaf127ccf7b15dc2e7490a7d5d44772,2025-08-06 04:40:20,8990.43,COD,Home & Kitchen,0.0,4,1.0,0,0,delivered
ord_100312,60dce5d16dd9aa099d4b885764d81afc0e4b2c424fe449ae6d4693b813afbc37,2025-04-24 06:43:27,469.64,prepaid,Beauty & Care,25.0,6,0.85,0,0,delivered
ord_100313,82cd6d29b82272bceb4b9008b64351cc623923b755f20ce537c744deddc82811,2026-03-13 15:01:12,8964.34,COD,Apparel,10.0,15,0.96,0,0,delivered
ord_100314,932ee04a63d8411de0308038ee330bc41185ab381fd8199b6d6277f245c6b2e4,2025-10-07 20:36:05,1206.93,COD,Footwear,0.0,20,0.59,0,1,delivered
ord_100315,e825ee7785b2d0e5ee07c3a12122ced97ee7accebb304ec26f97b5a523aa61c0,2025-05-16 13:38:22,9103.18,COD,Footwear,50.0,13,0.73,0,0,delivered
ord_100316,d4e98d0f7a3b6fb40f1b8554856e855e3858940d1440e26163527742a8713319,2026-05-13 13:17:19,5127.66,COD,Fashion Accessories,0.0,13,0.53,0,0,delivered
ord_100317,cf943c56427c7e9d17d12bbbd52a987f4b36cd6f4a37b87964f17cd1ffc62cdd,2026-04-16 05:11:37,1498.16,COD,Beauty & Care,40.0,5,1.0,0,0,RTO
ord_100318,cdcb5ab7a8ef488617d2f4e0149447752b220c7bb283168ed4ea1bd95403dead,2026-05-30 04:59:41,483.23,prepaid,Fashion Accessories,25.0,4,1.0,1,0,delivered
ord_100319,3df4ce61e781a4a8bd281ce7b6fbf9d9a5130b6f225dd59cded79d25e66245f5,2025-03-22 17:21:57,2522.75,COD,Fashion Accessories,10.0,17,0.9,0,0,delivered
ord_100320,ac107e9d7a46919ab2e25edfe0f1d885f7917a1c8e0f3cb7e0e8b65e0dcabeac,2025-01-23 04:36:27,2585.88,COD,Footwear,40.0,4,1.0,1,1,delivered
ord_100321,580cf8d120d2f89e2e5fce4a185f65405267cb7c8e0e7130108f51c1a801a81f,2025-05-18 12:12:07,9249.92,COD,Fashion Accessories,25.0,12,0.77,0,0,delivered
ord_100322,580cf8d120d2f89e2e5fce4a185f65405267cb7c8e0e7130108f51c1a801a81f,2025-06-26 09:58:51,2502.92,COD,Footwear,15.0,9,0.85,0,0,delivered
ord_100323,e9c93b770bad751b76f850f35ac1125fb1c701efd4ff401ed451c0e71a252f50,2026-08-10 19:01:54,1437.8,COD,Beauty & Care,0.0,19,0.77,0,0,delivered
ord_100324,33f58c41191b6ac0fcfa51613ab21453b6405ef0be1595ac1a8643083efdedef,2025-05-07 19:33:50,804.19,COD,Beauty & Care,25.0,19,0.84,0,0,delivered
ord_100325,1a957038ab4c9a2ab7b9315337c77142f8af181aa876ba0d4ca862684097061c,2025-08-10 02:45:40,2474.2,COD,Footwear,0.0,2,0.6,0,0,RTO
ord_100326,e9c93b770bad751b76f850f35ac1125fb1c701efd4ff401ed451c0e71a252f50,2025-05-26 20:38:56,473.38,COD,Home & Kitchen,0.0,20,0.66,0,0,RTO
ord_100327,04889b0e809c8e8b93ae050a66b9a6570cf956965b7405320d396da38aaf8798,2025-04-28 00:56:51,1513.29,COD,Beauty & Care,25.0,0,0.9,0,1,delivered
ord_100328,880cfa7b9a803952a7ffd2540343b7e293958bf26a2be2f775ba1e5bab61d585,2025-07-26 23:59:12,775.88,COD,Beauty & Care,15.0,23,0.37,0,0,delivered
ord_100329,59e0f4ba3cd3627b9ca8bc384d6c357f136908e2af1bce26e5f6feefdf94448e,2025-06-04 16:58:55,9291.85,prepaid,Home & Kitchen,25.0,16,1.0,0,0,delivered
ord_100330,745496071d23fb3e7731861c9b5a65ce8d42dd853e5c3df493a737a14aa04b4e,2026-05-11 22:52:32,8986.12,COD,Apparel,0.0,22,0.59,1,0,delivered
ord_100331,e940baf46273ace88a116e5468cd4e5231e8f318211ecc4429c2a09d2be074f1,2025-04-03 22:25:48,5212.39,COD,Apparel,25.0,22,0.83,0,0,delivered
ord_100332,af82c2ffb81c75723f713bcda15b7f31923bd1b33d54058cb5025068825f49e4,2026-08-13 23:13:39,979.53,COD,Fashion Accessories,0.0,23,0.58,0,0,delivered
ord_100333,dcbc9dc643aa3f5e7b8c755da777adcc8ea3a99c931e386d32144d1cf0d1d179,2026-09-18 16:04:52,9050.11,prepaid,Apparel,50.0,16,0.74,0,0,delivered
ord_100334,18fe1d5da22778db5010343f2a42cfe0b105b303a6ad6a4601be0bf0ebcf7795,2026-02-27 05:49:17,5264.79,prepaid,Footwear,40.0,5,0.5,0,0,delivered
ord_100335,46c0968c07fa3e0f70bcb71031efa46496806768a507ff2e458535d1c22aa8ab,2025-01-01 13:25:06,1052.17,COD,Fashion Accessories,40.0,13,0.43,0,0,RTO
ord_100336,660f7806785fe55238c903fb20d2f941bf31166696664eb496fca3e8b71ae78c,2025-05-28 11:25:23,944.22,COD,Home & Kitchen,15.0,11,0.7,0,0,delivered
ord_100337,53381c5fc4f7c4e85b539ab23810a5eb8bfd4f44e99e83ed3d5e38e7e6cbe7ef,2025-04-11 19:10:03,2475.65,COD,Apparel,0.0,19,0.9,0,0,delivered
ord_100338,cf366351adfcbe11e98d820d3ab730f001c9d6588d2d8e370e8f258aba446656,2025-02-08 03:01:20,771.08,COD,Apparel,10.0,3,0.96,0,0,delivered
ord_100339,dc1a05401694471ff2c43fe7e0b9de44bf21560c9897961fd67061e8c9b2322e,2025-10-14 15:56:17,5005.33,prepaid,Apparel,0.0,15,1.0,1,1,delivered
ord_100340,748a7c4d286deb82a4533ebc061540c61e18747e362978b0872acbb96ea64c7d,2025-03-17 10:26:02,776.25,COD,Beauty & Care,50.0,10,0.52,0,0,delivered
ord_100341,dc1a05401694471ff2c43fe7e0b9de44bf21560c9897961fd67061e8c9b2322e,2026-08-03 12:28:05,9082.49,COD,Footwear,50.0,12,0.72,0,0,delivered
ord_100342,e8c3ec5c25a67b5b0637bc605bf097a1bce0e9d403addbfd5d80fdd8cf273592,2026-02-19 16:37:34,1419.03,COD,Footwear,15.0,16,0.95,0,0,delivered
ord_100343,aadb6aeefcc127b3e8454a3ed52bd8d640d6414561f625d1ddec60ba7c6789c2,2026-03-14 09:46:41,9000.64,COD,Home & Kitchen,25.0,9,0.72,0,0,delivered
ord_100344,1eb338a189460aeebb1eceefead4451aff6619ab90fc98d14f8df018ef934c0e,2026-02-07 00:56:16,1592.76,prepaid,Apparel,10.0,0,1.0,0,0,delivered
ord_100345,f629643e8fc3781b1e9bf5454ff4896916fc7772b393680a6ab3fdb95f8720a8,2025-05-01 04:05:33,805.0,COD,Electronics,40.0,4,0.63,0,1,delivered
ord_100346,793b18accc1bc68043a8409aae275069547ba7a80f1d29044667d5b52fe86862,2025-06-18 21:19:28,894.31,prepaid,Beauty & Care,50.0,21,1.0,0,0,delivered
ord_100347,4b85369b1868096ea4fe42303b7f667715d7237fd7a20971f5b20fb292eae51c,2026-07-22 14:54:03,1338.17,COD,Apparel,25.0,14,0.53,0,0,delivered
ord_100348,b861a625dab2222495fa6bade346141901175c4bda0bb9843c3ad3b59d19391d,2026-05-08 08:30:43,4915.47,COD,Footwear,40.0,8,0.78,0,0,delivered
ord_100349,92270fe617aca61b934010a4c399b2cb22c9e526ed8e1d12cf8a2171c1354849,2025-12-13 02:53:19,871.77,COD,Apparel,25.0,2,0.57,0,0,delivered
ord_100350,3d2af34d49a8b3be22ddb1ff3483157f204a2207b24c48e77612521fa390fe2d,2025-03-08 01:59:14,1003.81,COD,Fashion Accessories,25.0,1,0.79,0,0,RTO
ord_100351,67a2937e0cda4086100c8009cb706be700517c0214d76cf260cf86bd1876a807,2025-07-11 06:21:18,1472.9,COD,Beauty & Care,40.0,6,0.71,0,0,delivered
ord_100352,cd62f05e7fb52530b209b19d452e3a15c20e7cd3100b2d00054f05a0f615b099,2026-08-21 19:53:57,2648.27,prepaid,Home & Kitchen,25.0,19,0.59,0,0,delivered
ord_100353,ebfba6896e14c695309117a9e51f8e440a31fa42eaa735edccdfdfc6bccc6152,2026-07-29 10:48:03,1204.49,prepaid,Electronics,50.0,10,0.9,0,1,delivered
ord_100354,e825ee7785b2d0e5ee07c3a12122ced97ee7accebb304ec26f97b5a523aa61c0,2025-06-14 13:38:31,5092.21,COD,Footwear,50.0,13,0.84,0,0,RTO
ord_100355,e390a6807b691c12275e862985df607f51b5030749be5c87528290724117389b,2025-08-09 14:23:46,584.98,COD,Footwear,0.0,14,0.7,0,0,delivered
ord_100356,c8891fd20a2a57877a3be58ab3d28e239a5e74294b6ea114796630bc1f5d8ef3,2026-01-30 23:52:43,2745.71,COD,Footwear,40.0,23,0.57,0,0,delivered
ord_100357,a46fb279b7ff3b1334401a58be563ece99628504e0ebb7a38751d56c0f7eb1de,2025-07-12 03:43:25,2696.76,COD,Beauty & Care,0.0,3,0.67,0,0,delivered
ord_100358,16bf5b1bc736b776a4fe513f5099a52edffe5da4e625f900cd4af2aba13a0785,2025-08-03 06:44:37,776.65,COD,Beauty & Care,15.0,6,0.61,0,0,RTO
ord_100359,f4105051db521505742fa9d5be8fa015d433da89646495f204754f4d00f8cf40,2026-02-09 10:53:02,8989.97,COD,Fashion Accessories,10.0,10,0.79,0,0,delivered
ord_100360,25dab259e236a34f864c5665b32b05b99a2436be2b6eb0831c1ea3dc27d64d83,2026-02-26 03:58:11,5172.62,COD,Home & Kitchen,10.0,3,0.93,0,0,delivered
ord_100361,5ff68953b1f3b3a4d0585ba7677d961b798d2a4867d062e958a879e270bb7421,2025-12-01 00:58:46,9272.21,prepaid,Electronics,10.0,0,0.61,0,0,delivered
ord_100362,534178e1d7604e406fd5d8c11ee1f202e1bbd1f73bcd3e49608cc10efe4be1d5,2025-04-24 00:44:31,2520.34,prepaid,Beauty & Care,50.0,0,0.95,0,0,delivered
ord_100363,a05e68a71529209361b345d740a62b391e6a8f1bdb63f6ba8339478ced40c142,2025-01-21 08:22:12,5125.82,COD,Footwear,10.0,8,0.79,1,0,RTO
ord_100364,c804e490fc342dc1379584e867f0671248ccd129478bd96f622683492ff11f46,2025-04-15 03:33:21,9048.58,COD,Fashion Accessories,25.0,3,0.75,0,0,RTO
ord_100365,40120539ee484cff0fbfd33fb8209e23f3ae5456cf1a0b06563600b7c2fc1097,2025-07-29 14:31:50,1002.11,COD,Fashion Accessories,0.0,14,0.7,0,0,delivered
ord_100366,722d2f81f9044f170b7a99743514a90715cd4f2bc133c3a674683c7f12293e4f,2025-11-29 02:12:56,2687.08,COD,Fashion Accessories,25.0,2,0.9,0,0,delivered
ord_100367,4b85369b1868096ea4fe42303b7f667715d7237fd7a20971f5b20fb292eae51c,2026-02-09 09:36:09,906.48,COD,Apparel,25.0,9,0.59,0,0,delivered
ord_100368,41eacb5e9d273d5574b1fc777df2f068c9db72fb73aa7a72baad00e8acf3033d,2026-08-24 22:23:05,1444.25,COD,Beauty & Care,0.0,22,0.71,0,0,delivered
ord_100369,7682af01e78deb53a59f82c249833c5ce8917a0bfd8aee8c9f999c5f6b4d6026,2026-08-28 20:36:02,856.23,prepaid,Home & Kitchen,15.0,20,0.73,0,0,delivered
ord_100370,fb526e144c9d329fef672f58f7abcf96db845b1c2b7b3f02049cf034b33a0dae,2025-12-20 03:54:33,9217.59,COD,Fashion Accessories,50.0,3,0.84,0,1,delivered
ord_100371,779649dce773e3495be76c4e05f3fc289c509fb331834bc109c8048a1d98ae8f,2026-02-11 20:39:44,5278.9,prepaid,Home & Kitchen,25.0,20,0.77,0,0,delivered
ord_100372,c888eb28a40ea85bf356da3ccecd80da586278e451fbbdb74f61d4bb2b97cbb4,2025-05-06 22:12:43,566.83,COD,Fashion Accessories,15.0,22,0.66,0,0,delivered
ord_100373,f93ea487a3f9a44a96b7af828fa8d04abfc27d7f9c8a720c40c3cb714ccde7b6,2026-04-29 13:21:56,2616.4,COD,Beauty & Care,0.0,13,0.82,0,0,delivered
ord_100374,46c0968c07fa3e0f70bcb71031efa46496806768a507ff2e458535d1c22aa8ab,2025-11-15 13:46:32,4901.63,COD,Home & Kitchen,40.0,13,0.54,0,1,RTO
ord_100375,a05e68a71529209361b345d740a62b391e6a8f1bdb63f6ba8339478ced40c142,2025-04-26 03:41:43,665.8,COD,Electronics,40.0,3,0.48,0,1,RTO
ord_100376,2d4ac7a2c1ad6162467f10f5bb0d28cce5ea7b2b6571f0726690627720180aa2,2026-09-04 12:28:37,5043.08,prepaid,Fashion Accessories,0.0,12,0.55,0,0,delivered
ord_100377,b3918b435da9406245384da1d9d01eb6d2038d14c62f7f656f98aa17d72a2c84,2026-08-13 02:23:00,2452.82,COD,Footwear,50.0,2,0.93,0,0,RTO
ord_100378,6457de8f095c25b745cc0d26ef17d238ecbe877dbbc1f918cb66fb5f711f88bd,2025-03-26 21:32:28,592.47,prepaid,Home & Kitchen,50.0,21,0.92,0,0,delivered
ord_100379,534178e1d7604e406fd5d8c11ee1f202e1bbd1f73bcd3e49608cc10efe4be1d5,2025-07-21 16:24:50,944.72,prepaid,Footwear,25.0,16,0.77,0,0,delivered
ord_100380,1646fc67306ee951174388b9966a426c97563f8f000b8b8212dbb830f35d5a2a,2025-05-31 08:08:05,693.99,COD,Fashion Accessories,10.0,8,0.71,0,1,delivered
ord_100381,b861a625dab2222495fa6bade346141901175c4bda0bb9843c3ad3b59d19391d,2026-05-13 13:59:27,1319.11,COD,Apparel,40.0,13,0.85,0,0,RTO
ord_100382,45586f9779210a1ed188b9e4f295c88e580479cc6119a0172909080c6766ec6c,2025-05-31 16:42:45,2765.47,COD,Fashion Accessories,0.0,16,0.85,0,0,delivered
ord_100383,6205849e8db31ef8ea759e622edd56ebdc796671aea90cbddacd6cdbbc3022d1,2025-09-18 06:53:48,733.04,prepaid,Fashion Accessories,15.0,6,0.82,0,0,RTO
ord_100384,72b79e4ae06948a008c50be7f5284ec2f852396a5881173b2a21a261f6ea6b50,2026-06-17 10:31:16,786.85,prepaid,Footwear,15.0,10,0.93,0,0,delivered
ord_100385,297049aeb697d6eccf14252a9733fbbd4c64d2435a5e9f2ca71e7e592c71dad0,2025-05-26 12:59:45,9242.13,prepaid,Footwear,50.0,12,0.48,0,0,delivered
ord_100386,c83faed918e8637fe61b534629c21e20869a2959c511b0dc27b2f6f4dc734bbe,2025-06-17 21:08:21,710.12,COD,Footwear,0.0,21,0.73,0,0,RTO
ord_100387,4f765f515e82666c7575ff00f3056ab96f981f263ae3c8022ea6613c5b619b8d,2026-07-23 21:41:27,1006.79,COD,Footwear,0.0,21,0.82,0,0,delivered
ord_100388,9e4b82ae3d5fbf79e5399efc8ac19724e6f271b13247f53e71a4ecb413074201,2025-03-31 23:20:21,5247.75,prepaid,Fashion Accessories,15.0,23,0.74,0,1,delivered
ord_100389,16e47ed39ce4a1781205e42796d2b145bbc16cb5eb25530e05ef8ca916b0e7ac,2025-01-18 11:03:44,1279.22,COD,Electronics,15.0,11,0.64,0,0,RTO
ord_100390,c888eb28a40ea85bf356da3ccecd80da586278e451fbbdb74f61d4bb2b97cbb4,2025-05-03 07:56:18,5104.62,COD,Home & Kitchen,10.0,7,0.78,0,0,delivered
ord_100391,477ccda17d6d7375b498cca43d43dd3c2cb63bd8ab404eb942197a6252f97895,2026-03-22 21:40:54,1415.23,COD,Home & Kitchen,0.0,21,0.51,0,0,RTO
ord_100392,b2a3e871ac4bab5644a9b2e669b8ee6fddb71657d4984603e92df52b738020d9,2025-03-08 21:23:07,5150.79,COD,Home & Kitchen,50.0,21,0.93,0,0,delivered
ord_100393,bf2c27e1647db7f2c8612708b1f6c583bdbb7fcb879b4a1f0217e9ba7a2c1f20,2025-03-03 00:11:46,4951.72,prepaid,Beauty & Care,50.0,0,0.73,0,0,delivered
ord_100394,67dc57ec548e729c49b974b79b583a129932ccab35a58d6b1b69ad6fd27d66e6,2026-01-01 11:36:39,1564.14,COD,Home & Kitchen,25.0,11,0.33,0,0,delivered
ord_100395,a7015e80be830577bc93e4a92683e084a89a29ff1a8e4baf174c078f928f1a71,2026-01-05 04:52:29,1506.18,COD,Electronics,40.0,4,0.8,0,0,delivered
ord_100396,32ab46e2f69ed6f9a74183be06e0729caffcec83cb7446fd540c2ecab7444cc9,2025-09-11 02:39:07,5083.39,COD,Footwear,40.0,2,0.67,0,0,RTO
ord_100397,8158b7d58e7b6bd74454d56a939f42b54557225dc2c17ce984e8f7d4da952752,2025-06-11 17:50:25,5213.93,COD,Beauty & Care,40.0,17,0.83,0,0,delivered
ord_100398,2d4ac7a2c1ad6162467f10f5bb0d28cce5ea7b2b6571f0726690627720180aa2,2026-01-13 23:26:47,4938.06,COD,Footwear,25.0,23,1.0,0,0,delivered
ord_100399,04889b0e809c8e8b93ae050a66b9a6570cf956965b7405320d396da38aaf8798,2025-06-19 00:34:38,701.83,prepaid,Fashion Accessories,50.0,0,0.49,0,0,delivered
ord_100400,60dce5d16dd9aa099d4b885764d81afc0e4b2c424fe449ae6d4693b813afbc37,2025-06-09 17:48:41,9020.82,COD,Home & Kitchen,25.0,17,0.83,0,0,delivered
ord_100401,bde23e1bd1331c7de95c4ab4b49e8722be707f367376db33221b99d46564993a,2025-10-14 18:48:48,680.34,prepaid,Apparel,15.0,18,0.56,1,1,delivered
ord_100402,92270fe617aca61b934010a4c399b2cb22c9e526ed8e1d12cf8a2171c1354849,2026-05-01 14:50:21,2617.05,COD,Beauty & Care,50.0,14,0.62,0,0,delivered
ord_100403,932ee04a63d8411de0308038ee330bc41185ab381fd8199b6d6277f245c6b2e4,2025-11-21 01:50:00,752.71,prepaid,Fashion Accessories,0.0,1,0.81,0,0,delivered
ord_100404,5ff68953b1f3b3a4d0585ba7677d961b798d2a4867d062e958a879e270bb7421,2025-03-07 18:14:27,9140.77,prepaid,Beauty & Care,25.0,18,0.83,0,0,delivered
ord_100405,002085a333aff0b4223c96c4580368b7bf9991668f3ee79b48b66c848d5b3c80,2025-10-03 23:24:24,4901.97,COD,Beauty & Care,25.0,23,0.91,0,1,delivered
ord_100406,ab9195748bba3d0cd9e452dc04a9469cd759262a33b6640143359140f9431cee,2026-03-24 15:59:11,2680.95,prepaid,Home & Kitchen,0.0,15,1.0,0,0,delivered
ord_100407,e6e695e615574e730a279625802e117dc62c4d04f57786dcde2c2565d680bbe7,2026-08-06 23:51:59,5254.97,COD,Apparel,0.0,23,0.51,0,0,delivered
ord_100408,580cf8d120d2f89e2e5fce4a185f65405267cb7c8e0e7130108f51c1a801a81f,2026-09-12 21:37:46,5210.41,COD,Footwear,25.0,21,0.58,0,0,delivered
ord_100409,5cd91524f568c5ce05090da4e7bd2f5c3f923635d7bd3e9ac972d48c90e6efb6,2025-08-13 15:14:10,9020.63,COD,Home & Kitchen,40.0,15,0.53,0,0,delivered
ord_100410,eb0cc0677aa06d645688cca299023208ab2f36c89b93fd055e57d5036786b21f,2026-09-21 06:54:36,449.73,COD,Beauty & Care,0.0,6,0.92,0,0,RTO
ord_100411,cf366351adfcbe11e98d820d3ab730f001c9d6588d2d8e370e8f258aba446656,2025-01-12 00:45:47,8959.45,COD,Home & Kitchen,25.0,0,0.7,0,0,RTO
ord_100412,7682af01e78deb53a59f82c249833c5ce8917a0bfd8aee8c9f999c5f6b4d6026,2026-09-13 21:22:27,937.22,COD,Apparel,10.0,21,1.0,0,0,delivered
ord_100413,d4e98d0f7a3b6fb40f1b8554856e855e3858940d1440e26163527742a8713319,2025-06-13 18:39:16,9004.76,prepaid,Apparel,0.0,18,0.46,0,0,delivered
ord_100414,bf8e9520b2705d482eebb08b345f852331d24e627908ea1d2f96eac1c1439969,2025-07-01 11:45:45,1257.06,prepaid,Beauty & Care,25.0,11,0.7,0,0,delivered
ord_100415,434d20c4ceed247e6d2c03ed3ceb81bafb918ae7fe54b9b862781a51a51b39b4,2025-03-17 15:00:08,5266.22,COD,Beauty & Care,15.0,15,0.67,0,0,delivered
ord_100416,b11fa7c9ddc2338b4903db279e03dbb0e092d79e9b14d9450eb11be5de7c3430,2025-12-25 03:41:13,9134.49,prepaid,Fashion Accessories,10.0,3,0.77,0,0,delivered
ord_100417,b861a625dab2222495fa6bade346141901175c4bda0bb9843c3ad3b59d19391d,2026-06-07 13:56:08,609.11,COD,Beauty & Care,50.0,13,0.73,0,1,RTO
ord_100418,cd62f05e7fb52530b209b19d452e3a15c20e7cd3100b2d00054f05a0f615b099,2026-04-27 02:24:04,1079.2,prepaid,Fashion Accessories,50.0,2,0.39,0,1,delivered
ord_100419,b04e6efa2f7b58c0df5e28eb63d71f292dc4b573c67293bc7728709e0ab6a1f4,2026-09-16 20:44:03,800.33,prepaid,Fashion Accessories,25.0,20,0.81,0,0,delivered
ord_100420,873506592c4dd2576cd771ee8ec594ddd5e0bd27ddcae813e9e6758e7b3ab38b,2026-06-22 15:56:37,1263.79,prepaid,Footwear,0.0,15,0.67,0,0,delivered
ord_100421,1768c88626163f5aaf900894d4081243ca4a7f21a03cbfcef576376a816944a2,2025-05-19 04:50:45,5056.05,COD,Electronics,50.0,4,0.75,0,0,RTO
ord_100422,32ab46e2f69ed6f9a74183be06e0729caffcec83cb7446fd540c2ecab7444cc9,2025-12-09 23:40:46,627.54,COD,Apparel,15.0,23,0.75,1,0,RTO
ord_100423,297049aeb697d6eccf14252a9733fbbd4c64d2435a5e9f2ca71e7e592c71dad0,2025-07-26 22:44:09,4900.48,COD,Beauty & Care,50.0,22,1.0,0,0,delivered
ord_100424,75df7a5a63e9d84701adbc8b74beeadc9e1cc9a33ad46c7dc52823547888a178,2026-02-24 12:43:44,2447.48,COD,Fashion Accessories,40.0,12,0.98,0,0,delivered
ord_100425,04889b0e809c8e8b93ae050a66b9a6570cf956965b7405320d396da38aaf8798,2025-10-11 18:43:03,735.47,COD,Footwear,15.0,18,0.81,1,1,RTO
ord_100426,8fdb9196d5ea5d68e9d131d38c48a6f62ffa653eba1dd78700153b869c7b6cc6,2025-08-21 03:20:49,9042.7,prepaid,Fashion Accessories,0.0,3,0.99,0,0,delivered
ord_100427,cd62f05e7fb52530b209b19d452e3a15c20e7cd3100b2d00054f05a0f615b099,2026-07-14 00:54:28,716.1,COD,Beauty & Care,50.0,0,0.61,0,0,delivered
ord_100428,1eb338a189460aeebb1eceefead4451aff6619ab90fc98d14f8df018ef934c0e,2025-01-29 18:31:32,561.2,COD,Fashion Accessories,10.0,18,1.0,0,0,delivered
ord_100429,6205849e8db31ef8ea759e622edd56ebdc796671aea90cbddacd6cdbbc3022d1,2025-04-26 16:41:48,693.18,COD,Apparel,25.0,16,0.85,1,0,delivered
ord_100430,ce4aeb4aeb7e042ad3137effbdcb12846e2c64366778c8e452a99b4fc035a291,2025-01-12 03:47:12,581.47,COD,Footwear,10.0,3,0.87,0,0,RTO
ord_100431,fb526e144c9d329fef672f58f7abcf96db845b1c2b7b3f02049cf034b33a0dae,2025-11-28 01:09:27,9059.8,prepaid,Fashion Accessories,0.0,1,1.0,0,0,delivered
ord_100432,1439d6dda3643c5753bcf5dfe19890fd667d36866e1bdb896cc7384765a46694,2025-08-01 17:44:32,1420.36,COD,Fashion Accessories,25.0,17,0.54,0,0,delivered
ord_100433,0fce2b58ca477ddad7503589f711a4f9736c926359cd27320b558da97f43ea0f,2026-08-28 00:39:49,401.89,prepaid,Apparel,0.0,0,0.92,0,0,delivered
ord_100434,61ca8f270372ceeaf7002edd16b9840bc7c83b5aa5b4db4c21a8ffd2198388c5,2026-06-22 18:29:41,5079.17,COD,Footwear,10.0,18,1.0,1,0,RTO
ord_100435,a6244f77cc21608c844d370073709c525fd30f980af5841e09531f3474f676c7,2026-04-21 09:26:07,1366.51,COD,Footwear,40.0,9,0.65,0,0,delivered
ord_100436,580cf8d120d2f89e2e5fce4a185f65405267cb7c8e0e7130108f51c1a801a81f,2026-01-30 05:14:43,809.57,prepaid,Fashion Accessories,10.0,5,0.59,0,0,delivered
ord_100437,b252fd91ed0952741ba35b404ffe0bdd1a20913da48f40bb4675d871bd7d6018,2025-05-17 22:54:51,9044.68,prepaid,Apparel,10.0,22,0.72,0,0,delivered
ord_100438,f51a76e57d482fa572743b95521f8be9790ec8d436ab8fc9836d2d7928ed0d49,2026-02-22 09:07:42,4945.43,prepaid,Beauty & Care,10.0,9,0.94,0,0,delivered
ord_100439,cdc9375a5bf5bcaa6e5139ce8d2190164d0fdf10380b81215f53979c77f9ff8b,2025-06-28 16:41:22,994.1,COD,Apparel,10.0,16,0.7,0,0,delivered
ord_100440,fbdc88017f80fb75fb1972eaa9a23a0485342dbffe7c8bba674b2b4e3394b290,2025-06-17 21:36:38,1253.56,COD,Beauty & Care,50.0,21,0.59,0,0,delivered
ord_100441,b04615faee3ac481e3ddf84d0345e1d446b00fccbdddc46d8bedd34bcfdc1207,2026-06-22 15:44:22,2582.43,COD,Apparel,10.0,15,0.86,0,0,delivered
ord_100442,ac107e9d7a46919ab2e25edfe0f1d885f7917a1c8e0f3cb7e0e8b65e0dcabeac,2026-03-26 00:57:53,2741.79,prepaid,Apparel,25.0,0,0.91,0,0,RTO
ord_100443,d22b778f0986ef28c52ff2d44a937d6f779cbc2ac7068238136cdaf31fa0575e,2026-07-26 19:22:06,4987.96,COD,Beauty & Care,40.0,19,0.98,1,0,delivered
ord_100444,e216abdbe26329efcc00b6f04d2a63f839debd867048a06d36052dfeb3070dd1,2025-01-27 02:43:57,579.98,COD,Fashion Accessories,10.0,2,0.86,0,0,RTO
ord_100445,a9fb1ec67302e8cbe2457c7ba8d366ca4884ae66608f213c3a8dc76d1d14d39e,2026-05-19 00:53:17,1263.72,COD,Fashion Accessories,25.0,0,0.45,0,0,delivered
ord_100446,3c2f1a9ee524d762c1c33c307e28e974b9830e726057a04534543d2815351c25,2025-05-24 15:38:18,9152.36,COD,Beauty & Care,50.0,15,0.69,0,0,RTO
ord_100447,bad34b6c12bca992128b17a838b1349c114237b69a5798a558fcc1bcc4a38726,2026-03-23 19:03:09,5251.34,prepaid,Apparel,50.0,19,1.0,0,0,delivered
ord_100448,002085a333aff0b4223c96c4580368b7bf9991668f3ee79b48b66c848d5b3c80,2025-10-11 23:06:27,1345.57,COD,Apparel,50.0,23,0.77,0,1,delivered
ord_100449,a9fb1ec67302e8cbe2457c7ba8d366ca4884ae66608f213c3a8dc76d1d14d39e,2026-02-24 03:30:13,8982.92,COD,Home & Kitchen,50.0,3,0.88,0,0,delivered
ord_100450,d4b6e8219d45bbfddf7af76d3e562872878604b8ebf14e0faafb73038bc2c1fa,2025-08-04 06:21:48,2599.58,COD,Beauty & Care,0.0,6,0.73,0,1,delivered
ord_100451,64043da406124f51116371b4fd11554e3b65958f77fce63bfa72d4464da84579,2026-04-28 07:22:14,474.34,COD,Fashion Accessories,25.0,7,0.52,0,0,delivered
ord_100452,cf0f023d75c9e7ed57c8f907105415dd3fec9e9a6ccd95a64b7a4c1e316731eb,2025-03-26 22:42:35,2459.2,COD,Electronics,10.0,22,0.77,0,0,delivered
ord_100453,bad34b6c12bca992128b17a838b1349c114237b69a5798a558fcc1bcc4a38726,2025-04-13 13:10:06,8907.59,COD,Fashion Accessories,10.0,13,0.83,0,0,delivered
ord_100454,1b87ad175cf5f8d95cea53d32d3454d11a0079805a3ae5fb0a31fd1a120cd229,2026-01-13 14:27:46,2582.2,COD,Home & Kitchen,40.0,14,0.6,0,0,delivered
ord_100455,2aaf6850bcc188288b0808bf4eb578dc6f749a1ec8b3ffef3009ff235d13c9a3,2025-04-26 05:13:37,5268.65,COD,Electronics,50.0,5,0.76,0,0,delivered
ord_100456,c47246fde41cb7085f1428dd268f78844561de34373f41e33f6e387652af5bb1,2025-05-06 06:00:20,4949.59,COD,Footwear,15.0,6,0.69,0,0,delivered
ord_100457,d311a967747bab33b2bc0180b61453a2f319784f9c8c433716d8c54df2075141,2025-10-17 15:38:17,1247.6,prepaid,Home & Kitchen,0.0,15,0.68,0,0,delivered
ord_100458,3bab027226d66a6bf12731e93472658d4410d0f184d33c89be8c50b0138e3e19,2025-05-02 05:02:37,1457.9,prepaid,Home & Kitchen,15.0,5,0.74,0,1,delivered
ord_100459,2d4ac7a2c1ad6162467f10f5bb0d28cce5ea7b2b6571f0726690627720180aa2,2026-06-02 23:41:18,1474.66,COD,Beauty & Care,50.0,23,0.74,0,0,RTO
ord_100460,cd62f05e7fb52530b209b19d452e3a15c20e7cd3100b2d00054f05a0f615b099,2025-11-08 22:55:27,2541.96,COD,Electronics,15.0,22,0.79,0,1,RTO
ord_100461,d0edea88ea70b653ba8f097441d740e605d4815abf552fce2907f9e7cf61d99d,2025-03-06 22:13:19,789.34,COD,Fashion Accessories,25.0,22,0.6,0,0,delivered
ord_100462,932ee04a63d8411de0308038ee330bc41185ab381fd8199b6d6277f245c6b2e4,2025-11-05 19:01:05,1353.45,COD,Beauty & Care,0.0,19,0.64,0,1,delivered
ord_100463,0a345e4f296f700c142ba03881d55d62704f1619053f8d2e54c67e5935949418,2025-06-17 12:50:56,2514.45,COD,Beauty & Care,50.0,12,1.0,0,0,RTO
ord_100464,0a345e4f296f700c142ba03881d55d62704f1619053f8d2e54c67e5935949418,2025-04-22 13:37:49,1225.45,COD,Home & Kitchen,40.0,13,0.85,0,0,delivered
ord_100465,dc1a05401694471ff2c43fe7e0b9de44bf21560c9897961fd67061e8c9b2322e,2025-05-16 20:14:31,773.4,prepaid,Electronics,25.0,20,0.61,0,0,delivered
ord_100466,e940baf46273ace88a116e5468cd4e5231e8f318211ecc4429c2a09d2be074f1,2025-08-25 01:22:28,715.49,prepaid,Electronics,10.0,1,0.97,0,0,delivered
ord_100467,9112a8abd975e03b1925e5a61f2600acf75bf2c488df7cf4c4f38dec30007149,2025-05-20 07:44:31,446.74,COD,Electronics,15.0,7,0.67,0,0,delivered
ord_100468,745496071d23fb3e7731861c9b5a65ce8d42dd853e5c3df493a737a14aa04b4e,2026-03-16 07:04:28,2788.7,COD,Fashion Accessories,0.0,7,0.59,1,0,RTO
ord_100469,0c8c75a131745ace53fb693fae05144a3a4f70cb7c4c40d934b489fd59b7a654,2025-02-15 10:42:46,841.95,COD,Fashion Accessories,0.0,10,0.62,0,0,delivered
ord_100470,1646fc67306ee951174388b9966a426c97563f8f000b8b8212dbb830f35d5a2a,2025-08-15 13:00:46,1005.58,prepaid,Home & Kitchen,10.0,13,0.98,0,0,delivered
ord_100471,ba9f5ae2dbbdf467e0270336337ed2668335e0da4cd2853acced723ebde92ab7,2026-06-17 00:42:47,9044.01,COD,Fashion Accessories,40.0,0,0.91,1,0,RTO
ord_100472,befe427d950fe0b50a6b8b122362995a85f146ef53a5a8edb5458ac87a6b2f8e,2026-08-28 22:01:49,486.15,COD,Electronics,40.0,22,0.63,0,0,delivered
ord_100473,e6e695e615574e730a279625802e117dc62c4d04f57786dcde2c2565d680bbe7,2026-02-18 06:58:54,2583.2,prepaid,Apparel,0.0,6,0.5,0,0,delivered
ord_100474,9e4b82ae3d5fbf79e5399efc8ac19724e6f271b13247f53e71a4ecb413074201,2026-08-17 02:20:26,696.78,COD,Footwear,0.0,2,0.59,1,0,RTO
ord_100475,8a5bfe35bc0dffa13d67f22745dbcb594cffbf5b018a2c0bd0437998e050674d,2025-11-26 22:56:25,708.88,prepaid,Apparel,25.0,22,0.96,1,0,delivered
ord_100476,8d0a3dddcefeb610790610cf093cd4f469a315259bb94a4f943a5a4fda132c80,2025-02-03 14:49:32,767.04,COD,Apparel,10.0,14,0.79,1,1,RTO
ord_100477,5bf786bec0287705ea1086d5a8daf641d9a7680ed5a91aeca4e52e540758ae54,2026-03-27 07:20:54,9144.18,COD,Home & Kitchen,40.0,7,0.78,0,0,RTO
ord_100478,44ccb1dd4491f5d758457a82420819210b5de2a64d9908179bf89a4bc2049b2d,2026-07-10 23:41:45,788.43,COD,Home & Kitchen,0.0,23,0.98,0,0,RTO
ord_100479,32ab46e2f69ed6f9a74183be06e0729caffcec83cb7446fd540c2ecab7444cc9,2025-05-21 11:15:39,904.7,prepaid,Beauty & Care,25.0,11,0.91,1,0,delivered
ord_100480,29f448d058d9bda6a99d917f7a35af5ddc090f1a0d064734c516bf270f9f4b6a,2025-10-26 20:50:23,9289.47,COD,Footwear,25.0,20,0.59,0,0,delivered
ord_100481,61ca8f270372ceeaf7002edd16b9840bc7c83b5aa5b4db4c21a8ffd2198388c5,2026-06-12 11:55:17,2667.84,COD,Fashion Accessories,25.0,11,0.69,0,0,RTO
ord_100482,f4627b8acd3e0f0b99ab051187d0988ddeaf127ccf7b15dc2e7490a7d5d44772,2026-06-24 20:25:51,544.48,COD,Electronics,10.0,20,0.61,0,0,RTO
ord_100483,6a36331ad82976d59989cff3a0f6dfab3e5d3a77b5cd3fdc41b73d5b2b100e14,2026-07-18 06:43:01,5008.19,prepaid,Home & Kitchen,50.0,6,0.99,0,0,delivered
ord_100484,9bcfecab66700d78caab2b3edb39cc77ffada5105c05585a0b08e98005810116,2026-02-02 05:27:27,499.28,prepaid,Apparel,25.0,5,0.98,1,0,delivered
ord_100485,1b87ad175cf5f8d95cea53d32d3454d11a0079805a3ae5fb0a31fd1a120cd229,2025-04-29 15:13:03,9199.64,COD,Apparel,25.0,15,0.88,0,0,RTO
ord_100486,6c9a720469fb8641709276c2a08c674765337ceb83788f6d610f8f1294bd3b59,2026-09-21 17:49:50,2751.05,COD,Apparel,0.0,17,0.69,0,0,RTO
ord_100487,919bfbfc24d822b01abf0a0bf119b27bcc3fcd5479e6e677adfa947ac9e7e81f,2026-05-28 04:18:44,895.59,COD,Fashion Accessories,10.0,4,0.64,0,0,delivered
ord_100488,e9c93b770bad751b76f850f35ac1125fb1c701efd4ff401ed451c0e71a252f50,2026-05-28 16:45:24,2623.9,COD,Beauty & Care,10.0,16,0.75,0,0,delivered
ord_100489,e3d637f95424325a1d5836ec661717feee129e5abdf36a2384dd7fe37e479d42,2026-08-19 08:03:02,4917.05,COD,Apparel,15.0,8,0.55,1,0,delivered
ord_100490,8158b7d58e7b6bd74454d56a939f42b54557225dc2c17ce984e8f7d4da952752,2025-10-23 14:24:07,2539.51,COD,Footwear,50.0,14,0.64,0,1,delivered
ord_100491,a937b36105e5f249399a197680bbacba7fa6ac562b0065054036b5dd4c4cb9f6,2025-03-30 21:53:58,583.36,COD,Footwear,25.0,21,0.99,0,0,delivered
ord_100492,534178e1d7604e406fd5d8c11ee1f202e1bbd1f73bcd3e49608cc10efe4be1d5,2025-10-21 09:32:20,2439.02,COD,Apparel,50.0,9,0.55,0,0,RTO
ord_100493,0ae129c1c62c9b3678d15828c4687d15db41b203b6d93d3e5ef9181bfbd232ff,2025-10-10 05:02:32,2653.18,prepaid,Electronics,0.0,5,1.0,0,1,delivered
ord_100494,2d4ac7a2c1ad6162467f10f5bb0d28cce5ea7b2b6571f0726690627720180aa2,2025-11-09 06:19:58,9282.18,prepaid,Home & Kitchen,50.0,6,0.69,0,1,delivered
ord_100495,80af19485b8f9aceb5592a5a61bac5274f77903c4ebbb3d556259e912f1c6a1e,2025-09-27 18:26:54,5220.65,COD,Footwear,25.0,18,0.83,0,0,delivered
ord_100496,7454eb320a2fdab8fa97907a0ba0d7b8112cf5dae118caecbe4f9954eb591dd1,2025-05-21 06:38:37,929.74,COD,Home & Kitchen,10.0,6,1.0,0,0,delivered
ord_100497,bf8e9520b2705d482eebb08b345f852331d24e627908ea1d2f96eac1c1439969,2026-09-21 07:36:46,5189.65,prepaid,Beauty & Care,0.0,7,0.76,0,0,delivered
ord_100498,0ae129c1c62c9b3678d15828c4687d15db41b203b6d93d3e5ef9181bfbd232ff,2025-12-05 04:14:06,8980.42,prepaid,Apparel,25.0,4,0.64,1,0,delivered
ord_100499,cdcb5ab7a8ef488617d2f4e0149447752b220c7bb283168ed4ea1bd95403dead,2025-11-12 05:53:22,710.08,COD,Electronics,15.0,5,0.72,0,1,delivered
ord_100500,d6f518ba79cd4dd78da4c7b43139099a9a6f5349e83978a0724c0c096c1f1e20,2025-06-06 21:22:33,1462.47,COD,Footwear,10.0,21,0.8,0,0,RTO
ord_100501,3df4ce61e781a4a8bd281ce7b6fbf9d9a5130b6f225dd59cded79d25e66245f5,2025-09-01 19:36:32,1467.67,prepaid,Beauty & Care,0.0,19,0.53,0,0,delivered
ord_100502,f629643e8fc3781b1e9bf5454ff4896916fc7772b393680a6ab3fdb95f8720a8,2026-07-25 11:42:25,5278.87,COD,Fashion Accessories,40.0,11,0.65,0,0,delivered
ord_100503,e940baf46273ace88a116e5468cd4e5231e8f318211ecc4429c2a09d2be074f1,2026-07-27 15:04:54,2486.2,prepaid,Electronics,0.0,15,0.72,0,0,delivered
ord_100504,f97b9e4f4d324d5fee960057f4942943613842f2b48d620a10e81b12f70ed359,2026-06-28 09:49:10,2672.1,COD,Beauty & Care,15.0,9,0.58,0,0,RTO
ord_100505,59e0f4ba3cd3627b9ca8bc384d6c357f136908e2af1bce26e5f6feefdf94448e,2026-07-29 08:20:30,8994.87,prepaid,Fashion Accessories,40.0,8,0.64,0,0,delivered
ord_100506,1cf81c5e46bcf99d2ae2344c1dbe8c3d0ea467746f371617b53fecb4e88170d1,2026-02-20 11:27:28,762.92,prepaid,Beauty & Care,25.0,11,0.88,0,0,delivered
ord_100507,5235264673cd3d38cfa6c668ed7e4976454880df81ec5b33793654d34f2daecb,2026-05-06 09:16:02,2714.73,prepaid,Fashion Accessories,15.0,9,1.0,0,0,delivered
ord_100508,d4b6e8219d45bbfddf7af76d3e562872878604b8ebf14e0faafb73038bc2c1fa,2025-03-19 23:30:32,539.74,COD,Home & Kitchen,40.0,23,0.92,0,0,delivered
ord_100509,f51a76e57d482fa572743b95521f8be9790ec8d436ab8fc9836d2d7928ed0d49,2026-05-14 04:03:19,700.23,COD,Fashion Accessories,10.0,4,0.81,0,0,RTO
ord_100510,8b87f07da9716969ebfd69614a24337141793380192f55494317d06096b0b7c5,2026-07-09 05:47:45,5173.3,prepaid,Electronics,15.0,5,0.62,0,0,delivered
ord_100511,1b87ad175cf5f8d95cea53d32d3454d11a0079805a3ae5fb0a31fd1a120cd229,2026-09-14 00:17:40,856.4,COD,Footwear,25.0,0,1.0,0,0,delivered
ord_100512,837b9fd2eb8c8d9c3cf6b548b408af8a6890ffdd17678ace8210c34aba48f2d1,2025-02-08 16:01:18,734.62,COD,Footwear,15.0,16,0.49,1,0,RTO
ord_100513,46c0968c07fa3e0f70bcb71031efa46496806768a507ff2e458535d1c22aa8ab,2026-06-08 05:00:04,1077.42,COD,Electronics,15.0,5,0.61,0,0,delivered
ord_100514,41634baee40c4db159a26b80e45a2f7b1b1595847703e294a40c89660d52a934,2025-08-08 18:53:30,2715.99,COD,Electronics,0.0,18,0.65,0,0,delivered
ord_100515,db56b0f14374d1efc5f0c2e3501dcdd709698cd6cae796c7df8111e316c28982,2026-03-29 18:06:03,2452.28,COD,Apparel,15.0,18,1.0,0,0,delivered
ord_100516,cf366351adfcbe11e98d820d3ab730f001c9d6588d2d8e370e8f258aba446656,2025-02-26 17:51:19,887.37,COD,Footwear,15.0,17,0.53,0,1,RTO
ord_100517,5df092e76c6fb05acce2c57217b2d6e23b01482e6434515bdc569439f9f05433,2025-02-01 22:37:31,2771.13,COD,Home & Kitchen,25.0,22,0.57,0,0,delivered
ord_100518,29f448d058d9bda6a99d917f7a35af5ddc090f1a0d064734c516bf270f9f4b6a,2025-09-01 07:46:07,9043.24,COD,Footwear,25.0,7,0.91,0,1,delivered
ord_100519,ba9f5ae2dbbdf467e0270336337ed2668335e0da4cd2853acced723ebde92ab7,2026-07-27 08:14:17,5240.21,prepaid,Electronics,50.0,8,0.83,0,0,delivered
ord_100520,09cb08bb5739c6417f8d741c38d53c3bea9546efb321a5ac0f5f509babd430cc,2025-01-28 20:31:14,2445.41,COD,Beauty & Care,25.0,20,0.51,0,0,delivered
ord_100521,ab137ea95b698b97bd176a1a468e228eb9ffbc51c2d2b7a8db98469c444e7db7,2025-03-29 08:58:55,1236.43,prepaid,Apparel,15.0,8,0.62,0,0,delivered
ord_100522,e940baf46273ace88a116e5468cd4e5231e8f318211ecc4429c2a09d2be074f1,2025-06-14 23:21:04,4971.23,prepaid,Home & Kitchen,0.0,23,0.58,0,0,delivered
ord_100523,477ccda17d6d7375b498cca43d43dd3c2cb63bd8ab404eb942197a6252f97895,2026-06-14 04:34:57,5270.66,COD,Footwear,0.0,4,0.89,1,0,delivered
ord_100524,9bb99cdb8f2970561443b3db93e0e7d5f676a3de9f16a3097ec88d8a18de0eef,2025-12-19 16:12:29,530.77,COD,Fashion Accessories,0.0,16,0.53,0,0,delivered
ord_100525,793b18accc1bc68043a8409aae275069547ba7a80f1d29044667d5b52fe86862,2025-04-11 10:42:11,1328.27,COD,Fashion Accessories,0.0,10,0.93,0,0,RTO
ord_100526,baf45a4a0cc19e84c5f10c678ca158177adcfe4559b0d6755fe82de25923545e,2025-05-19 06:21:42,407.2,prepaid,Beauty & Care,10.0,6,0.45,0,0,delivered
ord_100527,e9c93b770bad751b76f850f35ac1125fb1c701efd4ff401ed451c0e71a252f50,2026-09-15 05:35:39,9140.41,prepaid,Footwear,15.0,5,1.0,0,0,delivered
ord_100528,61ca8f270372ceeaf7002edd16b9840bc7c83b5aa5b4db4c21a8ffd2198388c5,2025-07-28 12:49:07,1444.55,COD,Beauty & Care,25.0,12,0.8,0,0,delivered
ord_100529,473c49bdaac1331f35febb46df4ad17768bebee6ea0a6079f3c4efb999d8379c,2026-05-19 00:20:12,5150.82,COD,Beauty & Care,40.0,0,0.48,0,0,delivered
ord_100530,0ae129c1c62c9b3678d15828c4687d15db41b203b6d93d3e5ef9181bfbd232ff,2025-04-26 10:13:35,908.24,COD,Footwear,15.0,10,0.8,0,0,delivered
ord_100531,8fa8600e53c34f7cc43dbec6cbcffa20644174e4c0519326ba1b10f67d088af8,2025-03-15 09:18:58,1300.94,prepaid,Footwear,0.0,9,0.9,0,0,delivered
ord_100532,9112a8abd975e03b1925e5a61f2600acf75bf2c488df7cf4c4f38dec30007149,2026-07-02 02:34:04,9078.98,COD,Beauty & Care,15.0,2,0.88,0,0,delivered
ord_100533,fb10a68d5002ccc32c3ed8542900247be71e854b515dec0662aba045c6a1c06f,2026-06-08 01:14:57,2445.67,COD,Apparel,10.0,1,0.85,0,0,delivered
ord_100534,8312560c26885c6ca846d123f1b9ff23f0bec6e0b7bbf34e9debadcdcaedb8bc,2025-08-24 04:36:02,9168.52,prepaid,Footwear,50.0,4,1.0,1,0,delivered
ord_100535,8fdb9196d5ea5d68e9d131d38c48a6f62ffa653eba1dd78700153b869c7b6cc6,2025-03-28 22:12:00,482.69,COD,Electronics,50.0,22,0.59,0,0,delivered
ord_100536,e825ee7785b2d0e5ee07c3a12122ced97ee7accebb304ec26f97b5a523aa61c0,2025-05-29 06:54:12,2567.75,prepaid,Electronics,0.0,6,0.61,0,1,delivered
ord_100537,716065e9530497584a753e860d5f3c7aa6b633ecb42765f847b239cc4d2d7723,2025-01-16 05:53:17,1426.77,COD,Electronics,25.0,5,0.91,0,0,delivered
ord_100538,06816333db145f905165067babe2f760474b919729fe55660829b6b53424dc75,2026-04-08 19:15:15,2558.87,prepaid,Apparel,40.0,19,0.83,0,0,delivered
ord_100539,bde23e1bd1331c7de95c4ab4b49e8722be707f367376db33221b99d46564993a,2026-02-15 08:23:24,506.14,COD,Home & Kitchen,50.0,8,0.7,0,1,delivered
ord_100540,dcbc9dc643aa3f5e7b8c755da777adcc8ea3a99c931e386d32144d1cf0d1d179,2025-12-15 05:23:27,8975.88,COD,Footwear,15.0,5,0.71,0,0,delivered
ord_100541,6f59ded9c45a3303879cf89ee91d692a904cfd5cd28a6afd38dff983dcac1973,2025-04-12 20:58:22,2732.23,prepaid,Beauty & Care,50.0,20,0.83,0,0,delivered
ord_100542,f47c5a3efc1c6ca5dba8b43180c23e503124792b1a8047d8bfc1c136e35d0b2f,2026-04-28 23:58:55,9092.16,COD,Apparel,10.0,23,0.49,1,0,RTO
ord_100543,ab137ea95b698b97bd176a1a468e228eb9ffbc51c2d2b7a8db98469c444e7db7,2025-08-24 20:28:53,1551.36,COD,Apparel,15.0,20,0.82,0,0,delivered
ord_100544,5141c52a4da0e2e13c9c3612ef9dc3b5a32804c3d58631e9e9a08455856b43fd,2025-12-01 11:20:50,893.55,COD,Home & Kitchen,15.0,11,1.0,0,0,delivered
ord_100545,332ff4655ca28410391cc53201cea90c1da65477a410ded780e7fd848940a38c,2026-06-21 01:03:34,8919.17,COD,Apparel,25.0,1,1.0,0,0,delivered
ord_100546,fcde7fb17da20cd45ca0c66ad5eb9abd17cc4b4d588c2977a9f271931881dc8a,2025-03-23 21:00:18,1261.81,COD,Electronics,15.0,21,1.0,0,0,delivered
ord_100547,c47246fde41cb7085f1428dd268f78844561de34373f41e33f6e387652af5bb1,2026-05-18 14:41:14,874.64,prepaid,Apparel,25.0,14,0.97,0,0,delivered
ord_100548,dc1a05401694471ff2c43fe7e0b9de44bf21560c9897961fd67061e8c9b2322e,2025-10-08 02:52:49,1000.28,COD,Electronics,40.0,2,0.72,0,1,RTO
ord_100549,bf24119bf1e5f954e379eda6feabadaa1d73f852637120bb291c038504749b54,2025-12-23 07:46:36,1576.5,COD,Fashion Accessories,25.0,7,0.54,0,0,RTO
ord_100550,bde23e1bd1331c7de95c4ab4b49e8722be707f367376db33221b99d46564993a,2025-11-02 11:00:52,8959.38,prepaid,Fashion Accessories,40.0,11,0.97,0,1,delivered
ord_100551,f4627b8acd3e0f0b99ab051187d0988ddeaf127ccf7b15dc2e7490a7d5d44772,2026-06-13 20:20:56,9024.48,prepaid,Fashion Accessories,15.0,20,0.87,0,0,delivered
ord_100552,84981666bd32c0d6dc30ec95aeede0971a0f92ea4715c263615195b7427ac323,2026-02-27 20:49:22,9037.1,COD,Beauty & Care,50.0,20,0.71,0,0,RTO
ord_100553,82df7bcd756d60bde69286473816e8ebb3814c1d0b4ff18ec8fba427377017eb,2025-10-30 22:00:23,5295.77,prepaid,Electronics,15.0,22,0.55,0,0,delivered
ord_100554,7e2d7b176910013d99c88f2790524847ae5ea6ec43fcc69cd53ccaba016b96b5,2025-01-19 04:36:46,1295.54,prepaid,Home & Kitchen,15.0,4,0.63,0,1,delivered
ord_100555,47d8746bd2b66bcd7524c9e4f7bd948536538be72a84f65f59c266e4387d91c8,2025-12-15 13:03:42,1592.18,prepaid,Beauty & Care,50.0,13,1.0,0,0,delivered
ord_100556,2ac7b954ba641d0eaf326a6dd65a44f693b14400d22d49e50396200fcc35005c,2025-08-21 09:31:20,5167.97,prepaid,Fashion Accessories,50.0,9,0.59,0,0,delivered
ord_100557,8d76c70fae18129013e4f86574eacaf1f3d48df265a694c5e3dfd5a9570d3061,2026-08-28 17:12:53,2730.38,COD,Fashion Accessories,0.0,17,0.51,0,0,RTO
ord_100558,cf0f023d75c9e7ed57c8f907105415dd3fec9e9a6ccd95a64b7a4c1e316731eb,2025-10-14 20:08:35,5122.59,COD,Beauty & Care,25.0,20,1.0,0,1,delivered
ord_100559,79e9cd1ae10c8300e5651ece4176b68e64d6486ea38b26591e752cabf251eb5e,2026-07-23 08:11:33,4949.85,prepaid,Electronics,50.0,8,0.3,0,0,delivered
ord_100560,cd8493f52153bf87e90bc7acfb5dd8741ebfc911baf8bac0dc3db6034a07bebc,2025-12-20 17:52:29,1567.68,prepaid,Home & Kitchen,0.0,17,0.81,0,0,delivered
ord_100561,a46fb279b7ff3b1334401a58be563ece99628504e0ebb7a38751d56c0f7eb1de,2026-02-11 01:16:44,1316.59,COD,Footwear,0.0,1,0.87,1,0,delivered
ord_100562,477ccda17d6d7375b498cca43d43dd3c2cb63bd8ab404eb942197a6252f97895,2025-06-17 10:43:46,618.01,prepaid,Apparel,0.0,10,0.97,0,0,delivered
ord_100563,a378cde438015ab23e6fbdf677caf3b726556842737f97b6119e7f0d206f4bb6,2026-01-05 02:53:00,900.91,prepaid,Electronics,25.0,2,1.0,0,0,delivered
ord_100564,9180eea98f4fd188130162887b842d68d7754a839fd88006470ae1147552b723,2026-09-14 05:34:09,1059.1,COD,Beauty & Care,15.0,5,1.0,0,0,delivered
ord_100565,9180eea98f4fd188130162887b842d68d7754a839fd88006470ae1147552b723,2025-05-09 15:16:59,1423.42,COD,Fashion Accessories,0.0,15,0.8,0,0,delivered
ord_100566,b2a3e871ac4bab5644a9b2e669b8ee6fddb71657d4984603e92df52b738020d9,2026-03-19 22:07:32,447.11,prepaid,Home & Kitchen,40.0,22,0.88,0,0,delivered
ord_100567,b6fc887da535eec6477d3b883fa962cbbdd24be8c8c8bcd4e40f5449ac7bed37,2025-03-07 17:57:07,4916.99,COD,Beauty & Care,0.0,17,0.68,1,0,RTO
ord_100568,f4105051db521505742fa9d5be8fa015d433da89646495f204754f4d00f8cf40,2025-07-19 18:08:29,813.14,prepaid,Home & Kitchen,10.0,18,0.66,0,1,delivered
ord_100569,837b9fd2eb8c8d9c3cf6b548b408af8a6890ffdd17678ace8210c34aba48f2d1,2025-02-15 18:13:53,8922.4,COD,Apparel,25.0,18,0.93,0,0,RTO
ord_100570,a9fb1ec67302e8cbe2457c7ba8d366ca4884ae66608f213c3a8dc76d1d14d39e,2026-08-08 04:47:20,5053.02,COD,Home & Kitchen,0.0,4,0.63,0,0,RTO
ord_100571,a95e6c0be0fb5e4fe90bd69cf725fa1b6087db5d76e5500164cf747eceee33b6,2025-11-13 12:14:05,1420.63,COD,Apparel,40.0,12,0.83,0,1,RTO
ord_100572,55081966d992f54d80c69ee307c9edc023a7db00902b01161f2e7d5563cd06a5,2025-12-13 09:42:42,848.32,COD,Electronics,10.0,9,0.96,0,1,delivered
ord_100573,64043da406124f51116371b4fd11554e3b65958f77fce63bfa72d4464da84579,2025-02-02 11:03:39,1460.22,COD,Home & Kitchen,10.0,11,0.73,0,1,delivered
ord_100574,2ac7b954ba641d0eaf326a6dd65a44f693b14400d22d49e50396200fcc35005c,2026-05-07 01:11:29,463.57,prepaid,Footwear,40.0,1,0.78,0,0,delivered
ord_100575,259d3729f36f7d3cf3230c231b3c11544eb13509dd4ee0c3e9bd7e7468d6be2c,2025-08-06 01:28:48,1552.57,COD,Home & Kitchen,15.0,1,0.85,0,0,delivered
ord_100576,80af19485b8f9aceb5592a5a61bac5274f77903c4ebbb3d556259e912f1c6a1e,2025-12-24 03:16:51,957.58,COD,Fashion Accessories,0.0,3,0.81,0,0,delivered
ord_100577,a5b2325e5c10c59c9728875d5be478147a659630c33ec9cd163462eb86fd1827,2026-09-04 12:25:59,756.03,COD,Home & Kitchen,50.0,12,0.73,0,0,RTO
ord_100578,600807af2da3aa5830900467521818ae396f6d1c0f6c0eff5f6c7f7039d9b312,2025-10-28 09:33:42,448.91,prepaid,Fashion Accessories,15.0,9,1.0,0,0,RTO
ord_100579,ef4a6af36573cb53895044cbe5f431144ddc346af9aebfcc6d4c814a09a11d5d,2026-06-13 14:27:09,5149.09,COD,Apparel,50.0,14,0.74,1,0,delivered
ord_100580,783a3a76d6ff66053432770b6f3b0a63a856c1da061d5572aa7376ae5b98b8fc,2025-03-28 04:11:35,919.71,COD,Beauty & Care,50.0,4,1.0,0,0,RTO
ord_100581,1ae3e01e22c3ed299bec0eb21bc192fb7c4fa04e3154b8dbee045ecec12ccbd0,2026-08-03 09:57:10,1051.4,COD,Home & Kitchen,50.0,9,0.87,0,1,delivered
ord_100582,bf8e9520b2705d482eebb08b345f852331d24e627908ea1d2f96eac1c1439969,2026-04-23 06:18:01,774.16,COD,Beauty & Care,50.0,6,0.92,0,0,delivered
ord_100583,55081966d992f54d80c69ee307c9edc023a7db00902b01161f2e7d5563cd06a5,2025-08-01 20:23:37,1405.9,COD,Beauty & Care,0.0,20,0.92,0,0,delivered
ord_100584,25dab259e236a34f864c5665b32b05b99a2436be2b6eb0831c1ea3dc27d64d83,2025-09-03 15:10:39,5222.07,COD,Apparel,50.0,15,0.45,0,1,RTO
ord_100585,4b755e02ec4ba001458e0938a79e3367f0ecc277e2d83c91580cbffdff58dd9a,2025-08-30 09:50:28,2571.78,COD,Apparel,0.0,9,0.83,0,1,RTO
ord_100586,a9fb1ec67302e8cbe2457c7ba8d366ca4884ae66608f213c3a8dc76d1d14d39e,2025-09-22 17:00:32,1076.42,prepaid,Home & Kitchen,40.0,17,0.92,0,0,delivered
ord_100587,779649dce773e3495be76c4e05f3fc289c509fb331834bc109c8048a1d98ae8f,2025-02-17 03:17:11,712.06,COD,Fashion Accessories,0.0,3,1.0,0,0,delivered
ord_100588,a7015e80be830577bc93e4a92683e084a89a29ff1a8e4baf174c078f928f1a71,2025-03-21 02:12:13,2559.67,COD,Footwear,40.0,2,0.86,0,0,RTO
ord_100589,002085a333aff0b4223c96c4580368b7bf9991668f3ee79b48b66c848d5b3c80,2025-12-27 13:29:04,534.85,prepaid,Home & Kitchen,50.0,13,0.93,0,0,delivered
ord_100590,6bb97edfa1ad0f20358a8908d8941cf23169ce77d5d013d1751e075027a9720a,2025-01-10 13:04:32,4949.39,COD,Electronics,40.0,13,0.61,0,0,delivered
ord_100591,d37d8a41717a7cbd92b01cce319acd460202c48669f361c53952f972041be734,2025-04-17 22:24:18,5073.34,COD,Footwear,50.0,22,0.88,0,0,RTO
ord_100592,291f85a6953bcb58ee38050d7991faa512a6b77dadc3805b827ae95e95c76d0e,2026-04-14 14:52:36,5133.58,COD,Apparel,50.0,14,0.59,0,0,RTO
ord_100593,3c9f0c8a2e19ebb93ca116e03e9d4ce1f7afd8d4ecaedaf7e8a6f1399186bcea,2025-06-01 18:39:10,535.62,COD,Electronics,50.0,18,0.72,0,0,delivered
ord_100594,06816333db145f905165067babe2f760474b919729fe55660829b6b53424dc75,2026-03-16 16:48:40,1263.91,COD,Beauty & Care,25.0,16,0.73,0,0,delivered
ord_100595,67dc57ec548e729c49b974b79b583a129932ccab35a58d6b1b69ad6fd27d66e6,2026-04-30 14:42:43,9049.36,COD,Footwear,25.0,14,0.7,1,0,RTO
ord_100596,1646fc67306ee951174388b9966a426c97563f8f000b8b8212dbb830f35d5a2a,2025-12-09 01:48:08,789.12,COD,Footwear,10.0,1,0.62,0,0,RTO
ord_100597,174ccf791e1a704d54ce76d4752852c1a6589644d3b8fc0f09bef28ace438881,2025-07-11 01:06:22,407.4,COD,Footwear,50.0,1,0.39,0,0,RTO
ord_100598,efafd712e5fa6161e95e01042dfb959797ac1223b075e517a7b46466ef1ed475,2025-07-06 12:43:09,5289.84,COD,Electronics,40.0,12,0.58,0,0,delivered
ord_100599,5b11c7d0f2a3179f738870d61641ddf9509537c758c06ffbe3d895ddbfbd76f5,2025-02-05 21:08:26,1514.84,COD,Home & Kitchen,15.0,21,0.52,0,0,RTO
ord_100600,8f425c9f52dc8b308dbcfdc8d1e0b20327881cd7de72d7993596ab3787a2b365,2026-03-30 16:04:54,2715.4,COD,Apparel,40.0,16,0.45,0,0,delivered
ord_100601,a6244f77cc21608c844d370073709c525fd30f980af5841e09531f3474f676c7,2026-02-08 00:51:17,5176.8,COD,Footwear,50.0,0,1.0,0,0,delivered
ord_100602,d6f518ba79cd4dd78da4c7b43139099a9a6f5349e83978a0724c0c096c1f1e20,2025-06-10 22:28:49,2486.44,COD,Electronics,25.0,22,1.0,0,0,delivered
ord_100603,12d3e4154e2bc7bfca0503ccfe0cfe6c284817b276017964033b092dd9f2adb0,2025-03-07 20:01:14,5039.63,COD,Beauty & Care,40.0,20,0.43,0,0,delivered
ord_100604,0054732bbecc63b050003f586c5812fd3ebe413a23360d34c9e45bff98c4b01c,2025-11-14 15:25:56,1308.21,COD,Beauty & Care,0.0,15,0.61,0,1,RTO
ord_100605,3df4ce61e781a4a8bd281ce7b6fbf9d9a5130b6f225dd59cded79d25e66245f5,2025-08-17 18:12:36,713.35,COD,Fashion Accessories,10.0,18,0.59,0,0,delivered
ord_100606,da5fda2cac62fac29794afc6c6c3549e97945e094c5ce3f9a6f223c9931bf756,2025-05-29 01:49:57,9116.25,prepaid,Fashion Accessories,15.0,1,0.69,0,0,delivered
ord_100607,716065e9530497584a753e860d5f3c7aa6b633ecb42765f847b239cc4d2d7723,2026-05-24 01:08:26,2490.03,prepaid,Electronics,50.0,1,0.91,0,0,delivered
ord_100608,6f59ded9c45a3303879cf89ee91d692a904cfd5cd28a6afd38dff983dcac1973,2026-07-16 04:34:08,1537.32,COD,Apparel,25.0,4,1.0,0,0,delivered
ord_100609,f97b9e4f4d324d5fee960057f4942943613842f2b48d620a10e81b12f70ed359,2025-04-18 22:13:11,598.92,COD,Fashion Accessories,50.0,22,0.92,0,0,delivered
ord_100610,3a450f47df9b661342857f5d666398499c25acf5dbe9a5ab4479a927449427c4,2026-08-16 12:23:51,4908.3,COD,Footwear,0.0,12,0.98,0,0,delivered
ord_100611,b11fa7c9ddc2338b4903db279e03dbb0e092d79e9b14d9450eb11be5de7c3430,2025-10-24 04:17:35,2474.34,COD,Home & Kitchen,0.0,4,0.82,0,0,delivered
ord_100612,6c36dc78b0ac15ec1fff4bcd64b84836d3eadbeab28bd858e48b522bb2200042,2025-01-25 21:37:33,778.6,COD,Apparel,25.0,21,0.65,0,0,RTO
ord_100613,748a7c4d286deb82a4533ebc061540c61e18747e362978b0872acbb96ea64c7d,2025-01-09 13:55:57,2461.81,prepaid,Beauty & Care,0.0,13,0.53,0,0,delivered
ord_100614,84981666bd32c0d6dc30ec95aeede0971a0f92ea4715c263615195b7427ac323,2025-04-11 22:06:47,9088.91,COD,Fashion Accessories,40.0,22,0.79,0,0,delivered
ord_100615,a15082459e0d6588fe31c6efe7f5f0d98a47c07b9f56f0f8dbc5c4829749e712,2025-08-02 22:35:31,728.83,prepaid,Beauty & Care,40.0,22,0.97,0,0,delivered
ord_100616,d41340385520de548ed3974b4ee62103d8c5481e318a2475f1c138b805089d1a,2025-12-26 09:16:06,9251.4,prepaid,Footwear,25.0,9,0.42,0,0,delivered
ord_100617,45586f9779210a1ed188b9e4f295c88e580479cc6119a0172909080c6766ec6c,2025-11-19 09:08:39,2582.13,prepaid,Fashion Accessories,50.0,9,0.5,0,0,delivered
ord_100618,a9fb1ec67302e8cbe2457c7ba8d366ca4884ae66608f213c3a8dc76d1d14d39e,2025-05-03 16:04:12,9265.52,COD,Footwear,50.0,16,0.99,0,0,delivered
ord_100619,6998c0e984221d441b0d176086cca86e494761bd58ff1d4d8bf3429df8aa670a,2026-01-27 18:36:04,800.11,COD,Beauty & Care,40.0,18,0.9,0,0,delivered
ord_100620,4fdaad9a6444512e88e50908966394880d372d9fb8c2285ca635eb9f11a329c6,2025-05-31 23:56:43,9265.85,COD,Apparel,15.0,23,0.86,0,0,delivered
ord_100621,5235264673cd3d38cfa6c668ed7e4976454880df81ec5b33793654d34f2daecb,2025-04-19 22:33:24,1034.4,COD,Electronics,40.0,22,0.56,0,0,delivered
ord_100622,cf0f023d75c9e7ed57c8f907105415dd3fec9e9a6ccd95a64b7a4c1e316731eb,2026-06-06 11:39:24,2542.23,COD,Electronics,10.0,11,0.77,1,0,delivered
ord_100623,9e4b82ae3d5fbf79e5399efc8ac19724e6f271b13247f53e71a4ecb413074201,2026-05-13 21:19:59,2675.14,COD,Apparel,25.0,21,1.0,0,0,RTO
ord_100624,04889b0e809c8e8b93ae050a66b9a6570cf956965b7405320d396da38aaf8798,2025-01-13 10:58:41,970.98,prepaid,Footwear,0.0,10,0.61,0,0,delivered
ord_100625,e3abe741528c12fd98b1c47f8fe815896b8a5f25d84cb2b129da3799a85bbb93,2026-05-02 20:08:45,2774.57,COD,Home & Kitchen,0.0,20,0.65,0,0,RTO
ord_100626,ba9f5ae2dbbdf467e0270336337ed2668335e0da4cd2853acced723ebde92ab7,2025-01-10 07:20:56,9225.03,COD,Apparel,50.0,7,0.79,0,0,delivered
ord_100627,a6244f77cc21608c844d370073709c525fd30f980af5841e09531f3474f676c7,2025-03-21 01:56:34,799.78,prepaid,Home & Kitchen,0.0,1,0.96,0,0,delivered
ord_100628,77d7b0b6f0a2fefed99325b405c2b0df9df4eee3126b2d1c34c2caaa879f7a81,2025-05-17 04:24:27,9091.85,prepaid,Footwear,15.0,4,0.71,0,0,delivered
ord_100629,73ba033068c56003bd2d9212017fb8b21bcf1c3acbcc665a3741609c16646c66,2025-06-30 16:05:18,1293.56,prepaid,Apparel,25.0,16,0.98,1,1,delivered
ord_100630,31cc6e65511571750238a4c85a8c713b7e43c9c61d0296516890c22a6f39eefd,2025-06-06 21:46:21,1068.36,COD,Apparel,40.0,21,1.0,0,0,RTO
ord_100631,a46fb279b7ff3b1334401a58be563ece99628504e0ebb7a38751d56c0f7eb1de,2026-02-09 13:46:25,490.6,COD,Footwear,50.0,13,0.67,0,0,delivered
ord_100632,33f58c41191b6ac0fcfa51613ab21453b6405ef0be1595ac1a8643083efdedef,2026-09-15 12:08:40,2607.59,prepaid,Home & Kitchen,10.0,12,0.73,0,0,delivered
ord_100633,8d76c70fae18129013e4f86574eacaf1f3d48df265a694c5e3dfd5a9570d3061,2025-02-10 11:20:32,735.7,COD,Electronics,40.0,11,0.83,0,0,delivered
ord_100634,873506592c4dd2576cd771ee8ec594ddd5e0bd27ddcae813e9e6758e7b3ab38b,2026-07-18 02:46:35,868.61,COD,Electronics,40.0,2,0.63,0,0,delivered
ord_100635,1a957038ab4c9a2ab7b9315337c77142f8af181aa876ba0d4ca862684097061c,2026-08-30 20:16:52,2550.09,prepaid,Footwear,25.0,20,0.71,0,0,delivered
ord_100636,745496071d23fb3e7731861c9b5a65ce8d42dd853e5c3df493a737a14aa04b4e,2025-01-16 09:18:18,1437.07,COD,Apparel,10.0,9,0.77,0,0,delivered
ord_100637,e3abe741528c12fd98b1c47f8fe815896b8a5f25d84cb2b129da3799a85bbb93,2026-04-16 17:07:53,2477.29,COD,Fashion Accessories,10.0,17,0.88,0,0,delivered
ord_100638,783a3a76d6ff66053432770b6f3b0a63a856c1da061d5572aa7376ae5b98b8fc,2026-07-31 11:29:55,4927.49,COD,Fashion Accessories,0.0,11,1.0,0,0,delivered
ord_100639,df1606427cc9cc1e3eefa36c2633d82ffd3340ea91035fdcc8c300834fd2c107,2026-06-25 22:52:11,8997.72,COD,Beauty & Care,25.0,22,0.89,0,1,delivered
ord_100640,47324a56ed03cbe71e767b657b2de5360ece2253500154cb68f627b89503a368,2026-04-16 06:08:17,939.86,COD,Footwear,50.0,6,1.0,0,0,delivered
ord_100641,a5b2325e5c10c59c9728875d5be478147a659630c33ec9cd163462eb86fd1827,2026-02-07 18:13:51,2500.15,prepaid,Electronics,15.0,18,0.75,0,0,delivered
ord_100642,1f639b7b4c36aacb74101febf78ad7022a98ec5e33b9bd3f95a45b4d492091a3,2026-08-08 10:54:46,653.47,prepaid,Apparel,15.0,10,0.9,0,0,delivered
ord_100643,0d4ad1ab8cfabbee83c0c47ed22d81ef5dda121d6c73321f8260fcecec1f313a,2025-05-11 19:10:44,9066.14,COD,Apparel,25.0,19,0.95,1,0,RTO
ord_100644,b95f3a43584e32453531ae39f2910144087a566ae7fae6c008d3de99c6e93a85,2025-06-03 19:22:12,2625.84,COD,Apparel,10.0,19,0.3,0,0,delivered
ord_100645,2abfcf2f05482ba731983467393b2524d6a1d042daaac0189d2433b95282b05e,2026-05-10 07:58:58,509.7,COD,Beauty & Care,15.0,7,0.73,1,0,RTO
ord_100646,0d4ad1ab8cfabbee83c0c47ed22d81ef5dda121d6c73321f8260fcecec1f313a,2026-06-01 18:30:22,907.93,prepaid,Apparel,0.0,18,0.66,0,0,delivered
ord_100647,5141c52a4da0e2e13c9c3612ef9dc3b5a32804c3d58631e9e9a08455856b43fd,2026-04-15 10:18:08,1525.74,COD,Footwear,15.0,10,0.84,1,0,RTO
ord_100648,1529fb30447f2e6c85c536498c893d9ec04b798536bc19ac7274e5f7f61bc669,2026-09-19 05:57:57,2689.09,COD,Fashion Accessories,10.0,5,0.96,0,0,delivered
ord_100649,64043da406124f51116371b4fd11554e3b65958f77fce63bfa72d4464da84579,2026-04-26 06:54:39,2663.09,prepaid,Home & Kitchen,0.0,6,0.7,0,0,delivered
ord_100650,b6fc887da535eec6477d3b883fa962cbbdd24be8c8c8bcd4e40f5449ac7bed37,2025-07-01 09:50:55,538.33,COD,Home & Kitchen,25.0,9,0.66,0,0,delivered
ord_100651,f629643e8fc3781b1e9bf5454ff4896916fc7772b393680a6ab3fdb95f8720a8,2026-09-02 14:53:13,2717.73,COD,Electronics,15.0,14,1.0,0,0,delivered
ord_100652,745496071d23fb3e7731861c9b5a65ce8d42dd853e5c3df493a737a14aa04b4e,2026-05-30 16:32:39,9178.96,COD,Electronics,0.0,16,0.67,0,0,delivered
ord_100653,002085a333aff0b4223c96c4580368b7bf9991668f3ee79b48b66c848d5b3c80,2026-08-19 05:01:54,2779.6,prepaid,Fashion Accessories,50.0,5,0.6,0,0,delivered
ord_100654,04889b0e809c8e8b93ae050a66b9a6570cf956965b7405320d396da38aaf8798,2026-09-10 21:56:56,4924.87,prepaid,Home & Kitchen,15.0,21,0.6,0,0,delivered
ord_100655,e3abe741528c12fd98b1c47f8fe815896b8a5f25d84cb2b129da3799a85bbb93,2025-12-06 09:34:00,1234.07,COD,Apparel,0.0,9,0.62,0,0,delivered
ord_100656,1ae3e01e22c3ed299bec0eb21bc192fb7c4fa04e3154b8dbee045ecec12ccbd0,2025-09-01 09:40:58,1223.75,COD,Apparel,40.0,9,0.58,0,0,delivered
ord_100657,98202bfea090fdeb8514ec7714471bd484f522579372e6dbb4029c3cecc5168c,2026-02-08 16:52:04,2402.68,COD,Apparel,25.0,16,0.41,0,0,delivered
ord_100658,d311a967747bab33b2bc0180b61453a2f319784f9c8c433716d8c54df2075141,2026-04-13 04:07:40,638.55,prepaid,Fashion Accessories,15.0,4,0.75,0,0,delivered
ord_100659,2d4ac7a2c1ad6162467f10f5bb0d28cce5ea7b2b6571f0726690627720180aa2,2026-01-07 11:50:11,9285.6,COD,Footwear,0.0,11,1.0,0,0,delivered
ord_100660,05fd223635652c096b32bb1ebc68df0c01be76fb340a94afbe5978b00f159b77,2026-06-29 00:32:25,2689.96,prepaid,Electronics,15.0,0,0.77,0,0,delivered
ord_100661,b11fa7c9ddc2338b4903db279e03dbb0e092d79e9b14d9450eb11be5de7c3430,2025-10-31 17:56:40,9268.23,prepaid,Footwear,50.0,17,0.95,1,1,delivered
ord_100662,0c8c75a131745ace53fb693fae05144a3a4f70cb7c4c40d934b489fd59b7a654,2026-09-18 07:37:33,2660.85,prepaid,Footwear,40.0,7,0.34,0,1,delivered
ord_100663,60dce5d16dd9aa099d4b885764d81afc0e4b2c424fe449ae6d4693b813afbc37,2026-07-26 03:20:15,670.33,COD,Home & Kitchen,10.0,3,0.82,0,0,delivered
ord_100664,7b15818f733d0ebb16496e99e5e8597d575cd17ebbce809dee617d68937a5573,2025-05-20 12:35:58,9034.39,COD,Home & Kitchen,25.0,12,0.72,0,0,delivered
ord_100665,f689d1e26c882755e77b24015ef33365580fd280d0b1feeab96b983b96669fa4,2026-05-23 01:01:02,8934.84,prepaid,Fashion Accessories,25.0,1,1.0,0,0,delivered
ord_100666,df1606427cc9cc1e3eefa36c2633d82ffd3340ea91035fdcc8c300834fd2c107,2025-01-10 00:17:05,9166.52,COD,Beauty & Care,40.0,0,0.52,0,0,RTO
ord_100667,252eba80ab84de0641950efaa74600d8927bcbcf6e9797849ca2ea69b043e0c9,2026-09-09 23:38:24,9072.46,COD,Fashion Accessories,40.0,23,0.56,0,0,delivered
ord_100668,e825ee7785b2d0e5ee07c3a12122ced97ee7accebb304ec26f97b5a523aa61c0,2025-05-24 14:35:47,5225.99,prepaid,Beauty & Care,40.0,14,0.74,0,0,delivered
ord_100669,47d8746bd2b66bcd7524c9e4f7bd948536538be72a84f65f59c266e4387d91c8,2026-08-09 06:24:40,1043.8,prepaid,Apparel,50.0,6,0.5,0,0,delivered
ord_100670,84981666bd32c0d6dc30ec95aeede0971a0f92ea4715c263615195b7427ac323,2026-05-22 22:06:02,790.97,COD,Apparel,40.0,22,0.82,1,0,delivered
ord_100671,5cd91524f568c5ce05090da4e7bd2f5c3f923635d7bd3e9ac972d48c90e6efb6,2026-05-27 23:35:16,9024.17,COD,Beauty & Care,15.0,23,0.82,0,0,delivered
ord_100672,53381c5fc4f7c4e85b539ab23810a5eb8bfd4f44e99e83ed3d5e38e7e6cbe7ef,2025-07-04 03:52:15,939.86,COD,Electronics,10.0,3,0.79,0,1,RTO
ord_100673,12d3e4154e2bc7bfca0503ccfe0cfe6c284817b276017964033b092dd9f2adb0,2025-07-18 00:56:10,2581.43,COD,Electronics,15.0,0,0.6,0,0,delivered
ord_100674,8d76c70fae18129013e4f86574eacaf1f3d48df265a694c5e3dfd5a9570d3061,2026-07-09 22:13:10,4964.62,COD,Home & Kitchen,10.0,22,0.45,0,0,delivered
ord_100675,722d2f81f9044f170b7a99743514a90715cd4f2bc133c3a674683c7f12293e4f,2025-03-02 05:09:47,5061.71,COD,Fashion Accessories,15.0,5,0.83,0,0,delivered
ord_100676,05fd223635652c096b32bb1ebc68df0c01be76fb340a94afbe5978b00f159b77,2025-08-01 13:08:45,2779.71,COD,Electronics,0.0,13,0.34,0,1,delivered
ord_100677,79e9cd1ae10c8300e5651ece4176b68e64d6486ea38b26591e752cabf251eb5e,2025-03-16 05:00:18,5007.42,prepaid,Footwear,0.0,5,0.91,0,0,delivered
ord_100678,bf8e9520b2705d482eebb08b345f852331d24e627908ea1d2f96eac1c1439969,2026-03-05 11:54:20,4950.03,prepaid,Beauty & Care,0.0,11,0.97,0,0,delivered
ord_100679,9ecca41aa87f3da03e3180ab150b3aaf42fa7b87f9de273b9902e394e95f4357,2026-07-26 05:16:00,1482.0,prepaid,Fashion Accessories,10.0,5,0.86,0,0,delivered
ord_100680,6e7832c59722dfc1a5353893a2686ce9a08935455d3170f346aad8a0647a83c7,2026-09-13 04:32:20,5275.67,COD,Beauty & Care,10.0,4,0.28,0,0,RTO
ord_100681,87928e3250507fb5e2b6ea5eb8d0424d5b2ce72148f0a03956e4186857b721ce,2025-03-12 00:20:32,465.05,COD,Electronics,0.0,0,0.55,0,0,delivered
ord_100682,b861a625dab2222495fa6bade346141901175c4bda0bb9843c3ad3b59d19391d,2025-11-26 07:37:39,2598.12,prepaid,Electronics,50.0,7,0.86,0,0,delivered
ord_100683,0d4ad1ab8cfabbee83c0c47ed22d81ef5dda121d6c73321f8260fcecec1f313a,2026-07-09 16:54:31,1096.69,COD,Footwear,50.0,16,1.0,0,0,delivered
ord_100684,67a2937e0cda4086100c8009cb706be700517c0214d76cf260cf86bd1876a807,2025-06-24 19:34:56,5040.32,COD,Electronics,0.0,19,0.71,0,0,RTO
ord_100685,33f58c41191b6ac0fcfa51613ab21453b6405ef0be1595ac1a8643083efdedef,2026-02-23 17:55:05,1392.25,prepaid,Footwear,15.0,17,0.37,0,0,delivered
ord_100686,e6fa31e27b35bf25857cb7939e37e4e7b14f56b0ad85f8beee0014f2f62dd067,2025-01-28 12:26:48,541.3,prepaid,Beauty & Care,40.0,12,0.73,0,0,delivered
ord_100687,18fe1d5da22778db5010343f2a42cfe0b105b303a6ad6a4601be0bf0ebcf7795,2025-11-09 07:05:32,2595.82,COD,Apparel,0.0,7,0.85,0,1,RTO
ord_100688,82cd6d29b82272bceb4b9008b64351cc623923b755f20ce537c744deddc82811,2025-06-25 14:43:14,2755.88,COD,Footwear,40.0,14,0.87,0,0,RTO
ord_100689,6e7832c59722dfc1a5353893a2686ce9a08935455d3170f346aad8a0647a83c7,2026-08-04 06:47:14,743.27,COD,Fashion Accessories,15.0,6,0.49,0,0,delivered
ord_100690,f47c5a3efc1c6ca5dba8b43180c23e503124792b1a8047d8bfc1c136e35d0b2f,2026-06-02 10:57:28,1246.52,COD,Fashion Accessories,25.0,10,0.84,0,0,delivered
ord_100691,4fdaad9a6444512e88e50908966394880d372d9fb8c2285ca635eb9f11a329c6,2026-01-25 19:19:19,742.89,prepaid,Beauty & Care,0.0,19,0.86,0,0,RTO
ord_100692,ebf3062392f08175ced3b5a6fd2ae13b86315bf1afa7976d1c1d6870eb2fde47,2025-02-10 10:05:34,8902.21,COD,Home & Kitchen,25.0,10,0.61,0,0,RTO
ord_100693,c47246fde41cb7085f1428dd268f78844561de34373f41e33f6e387652af5bb1,2026-07-21 10:10:43,1596.7,COD,Apparel,10.0,10,0.85,0,0,RTO
ord_100694,b7aae3f5a7fe857aa4279af87b6f61a57de8419aedb31410b25190a46555aa2d,2026-04-20 15:44:16,9152.79,prepaid,Home & Kitchen,10.0,15,0.53,0,0,delivered
ord_100695,fbdc88017f80fb75fb1972eaa9a23a0485342dbffe7c8bba674b2b4e3394b290,2025-11-28 02:51:48,2561.92,COD,Apparel,15.0,2,0.58,1,1,RTO
ord_100696,f51a76e57d482fa572743b95521f8be9790ec8d436ab8fc9836d2d7928ed0d49,2025-08-25 08:22:35,9066.23,COD,Footwear,15.0,8,0.92,1,0,delivered
ord_100697,df149985894d4fae98383e14900145c1b959b70e952746dc228c639911d20561,2025-06-14 15:32:52,571.36,COD,Home & Kitchen,15.0,15,0.99,0,0,RTO
ord_100698,73ba033068c56003bd2d9212017fb8b21bcf1c3acbcc665a3741609c16646c66,2026-06-15 11:19:31,1495.52,prepaid,Footwear,15.0,11,0.95,0,0,delivered
ord_100699,e940baf46273ace88a116e5468cd4e5231e8f318211ecc4429c2a09d2be074f1,2025-10-26 07:11:56,9139.73,COD,Fashion Accessories,0.0,7,1.0,0,1,RTO
ord_100700,bbaf33bb340e8360fad7f9e4214c356c0f114c2abe03605fc31cf4599089507c,2025-03-18 14:44:04,1489.14,COD,Footwear,10.0,14,0.76,1,1,RTO
ord_100701,8d0a3dddcefeb610790610cf093cd4f469a315259bb94a4f943a5a4fda132c80,2026-08-13 19:24:21,1378.39,prepaid,Footwear,50.0,19,0.52,0,0,delivered
ord_100702,d0edea88ea70b653ba8f097441d740e605d4815abf552fce2907f9e7cf61d99d,2025-05-10 15:53:46,1217.18,COD,Electronics,40.0,15,0.75,0,0,RTO
ord_100703,5235264673cd3d38cfa6c668ed7e4976454880df81ec5b33793654d34f2daecb,2026-08-07 02:34:49,2641.89,COD,Beauty & Care,10.0,2,0.62,0,0,delivered
ord_100704,f82bfdcf8fcadf5e95fa29436c260369739dcca4afd0c2c3850266d5d41cf612,2025-12-20 18:02:07,1539.99,prepaid,Footwear,15.0,18,0.91,1,0,delivered
ord_100705,ebf3062392f08175ced3b5a6fd2ae13b86315bf1afa7976d1c1d6870eb2fde47,2025-08-15 16:21:12,807.17,COD,Footwear,0.0,16,0.82,0,1,RTO
ord_100706,dcbc9dc643aa3f5e7b8c755da777adcc8ea3a99c931e386d32144d1cf0d1d179,2026-05-07 10:03:49,9252.59,COD,Apparel,15.0,10,0.88,0,0,RTO
ord_100707,b861a625dab2222495fa6bade346141901175c4bda0bb9843c3ad3b59d19391d,2025-10-04 02:41:10,801.39,COD,Footwear,0.0,2,1.0,0,1,RTO
ord_100708,f4105051db521505742fa9d5be8fa015d433da89646495f204754f4d00f8cf40,2026-05-23 20:10:34,4981.46,COD,Home & Kitchen,25.0,20,0.62,0,0,delivered
ord_100709,783a3a76d6ff66053432770b6f3b0a63a856c1da061d5572aa7376ae5b98b8fc,2025-05-01 21:22:02,1258.33,prepaid,Beauty & Care,25.0,21,0.58,0,0,delivered
ord_100710,ea7ae5550edda2d9a4b38b2d71dc04b45813d7c6448326a73884f3b8833a015a,2026-03-19 11:11:40,1207.42,prepaid,Fashion Accessories,10.0,11,0.83,0,0,delivered
ord_100711,46c0968c07fa3e0f70bcb71031efa46496806768a507ff2e458535d1c22aa8ab,2026-05-17 01:53:06,989.71,COD,Home & Kitchen,0.0,1,0.81,1,0,delivered
ord_100712,53381c5fc4f7c4e85b539ab23810a5eb8bfd4f44e99e83ed3d5e38e7e6cbe7ef,2025-04-13 15:59:45,9138.85,COD,Electronics,0.0,15,0.87,0,0,RTO
ord_100713,9bb99cdb8f2970561443b3db93e0e7d5f676a3de9f16a3097ec88d8a18de0eef,2026-08-14 01:18:28,1331.7,COD,Electronics,10.0,1,0.56,0,0,delivered
ord_100714,aee2728636e439531bef3b570b57d369ea80c3228deae9f462a8ddd902cfaef0,2025-02-04 14:01:19,2455.73,COD,Home & Kitchen,10.0,14,0.46,0,0,delivered
ord_100715,05fd223635652c096b32bb1ebc68df0c01be76fb340a94afbe5978b00f159b77,2026-06-16 14:27:59,2466.82,prepaid,Apparel,0.0,14,0.67,0,0,delivered
ord_100716,779649dce773e3495be76c4e05f3fc289c509fb331834bc109c8048a1d98ae8f,2025-02-03 16:02:36,1438.84,COD,Home & Kitchen,50.0,16,0.51,0,0,delivered
ord_100717,62c76739c74b90ed3f524a9bd53cacf2311a4fc04cef328fd4040b2314da0c88,2025-09-28 14:22:47,9046.64,COD,Beauty & Care,15.0,14,1.0,0,0,RTO
ord_100718,c888eb28a40ea85bf356da3ccecd80da586278e451fbbdb74f61d4bb2b97cbb4,2026-08-28 02:56:43,2687.54,COD,Beauty & Care,25.0,2,0.87,0,0,delivered
ord_100719,fbdc88017f80fb75fb1972eaa9a23a0485342dbffe7c8bba674b2b4e3394b290,2025-03-12 06:03:16,1326.73,COD,Beauty & Care,25.0,6,0.51,0,0,delivered
ord_100720,4107faa1e5ee37926d839d2234cd519629dcfa8aec30928430d8d1429e7fe4f5,2026-09-16 00:59:26,2618.74,prepaid,Beauty & Care,40.0,0,0.77,0,0,delivered
ord_100721,0c8c75a131745ace53fb693fae05144a3a4f70cb7c4c40d934b489fd59b7a654,2026-07-10 07:05:39,8986.73,COD,Fashion Accessories,0.0,7,1.0,0,0,RTO
ord_100722,73a9933b482488a2df67f49d2d1856eb309cfc7f9c814f692f3c4511504b6dd1,2025-10-08 06:53:26,1383.16,prepaid,Electronics,40.0,6,0.24,0,1,delivered
ord_100723,6bcad298d175cb648e0029793355a2a5fd682efcff29dda73aa1fc10de6e0efc,2025-10-21 04:22:44,1220.63,COD,Beauty & Care,0.0,4,0.81,0,0,delivered
ord_100724,dc0492bb575edd8ce47274f196c9be3ec7f39cbc11335b5709d9a0e1090ef9a7,2025-04-25 02:09:57,626.67,COD,Apparel,25.0,2,0.6,0,0,delivered
ord_100725,0ae129c1c62c9b3678d15828c4687d15db41b203b6d93d3e5ef9181bfbd232ff,2026-01-01 04:52:27,8904.28,COD,Fashion Accessories,0.0,4,0.75,0,0,delivered
ord_100726,46c0968c07fa3e0f70bcb71031efa46496806768a507ff2e458535d1c22aa8ab,2026-03-07 10:12:54,5021.41,COD,Home & Kitchen,10.0,10,0.72,0,0,delivered
ord_100727,98202bfea090fdeb8514ec7714471bd484f522579372e6dbb4029c3cecc5168c,2026-08-01 05:02:08,2472.48,COD,Electronics,50.0,5,0.73,0,0,delivered
ord_100728,b2a3e871ac4bab5644a9b2e669b8ee6fddb71657d4984603e92df52b738020d9,2026-09-16 23:19:45,440.76,COD,Footwear,15.0,23,0.98,1,0,RTO
ord_100729,bad34b6c12bca992128b17a838b1349c114237b69a5798a558fcc1bcc4a38726,2025-03-24 16:38:34,919.68,COD,Footwear,50.0,16,0.94,1,1,RTO
ord_100730,53381c5fc4f7c4e85b539ab23810a5eb8bfd4f44e99e83ed3d5e38e7e6cbe7ef,2026-03-14 20:51:45,1236.28,COD,Apparel,15.0,20,0.49,0,0,RTO
ord_100731,b11fa7c9ddc2338b4903db279e03dbb0e092d79e9b14d9450eb11be5de7c3430,2026-07-18 15:48:25,531.53,COD,Fashion Accessories,50.0,15,0.75,0,0,RTO
ord_100732,f4105051db521505742fa9d5be8fa015d433da89646495f204754f4d00f8cf40,2026-01-06 11:02:56,759.62,prepaid,Footwear,25.0,11,0.36,0,0,delivered
ord_100733,c36887923c2e5987823c8603138ca59069c19d6e21d0cd28f5bce0a13078b84d,2026-08-21 03:57:00,5295.91,prepaid,Home & Kitchen,40.0,3,0.5,0,0,delivered
ord_100734,d28c7bb80db3b4d51059318802e468379994b514af53372b06a2f82d1a031d68,2025-02-01 01:53:40,782.53,prepaid,Beauty & Care,40.0,1,0.88,0,0,delivered
ord_100735,0a345e4f296f700c142ba03881d55d62704f1619053f8d2e54c67e5935949418,2026-01-23 12:23:55,726.26,COD,Footwear,40.0,12,0.7,1,1,delivered
ord_100736,fb10a68d5002ccc32c3ed8542900247be71e854b515dec0662aba045c6a1c06f,2026-01-03 14:13:24,9268.66,prepaid,Beauty & Care,0.0,14,1.0,0,0,delivered
ord_100737,bf24119bf1e5f954e379eda6feabadaa1d73f852637120bb291c038504749b54,2026-04-27 07:44:15,5236.93,COD,Footwear,15.0,7,0.61,0,0,delivered
ord_100738,434d20c4ceed247e6d2c03ed3ceb81bafb918ae7fe54b9b862781a51a51b39b4,2026-04-28 01:04:41,9227.49,COD,Electronics,0.0,1,0.62,0,0,delivered
ord_100739,9276f96f676194a240da2529e04e55aa8893053821fe667701ca36f0a9a3118b,2025-06-23 05:58:38,1385.35,COD,Apparel,50.0,5,0.82,1,0,RTO
ord_100740,2abfcf2f05482ba731983467393b2524d6a1d042daaac0189d2433b95282b05e,2025-11-05 07:35:19,2530.49,prepaid,Electronics,15.0,7,0.61,0,1,delivered
ord_100741,f9ccc7b545ed3d6bfc40540fb42776051b61560fa6a57a081077adaeb09cb889,2025-08-05 05:17:14,955.09,COD,Beauty & Care,15.0,5,0.85,0,0,delivered
ord_100742,7b15818f733d0ebb16496e99e5e8597d575cd17ebbce809dee617d68937a5573,2025-06-15 18:27:09,2506.94,prepaid,Fashion Accessories,50.0,18,0.62,0,1,delivered
ord_100743,64043da406124f51116371b4fd11554e3b65958f77fce63bfa72d4464da84579,2025-11-23 00:10:57,1031.22,COD,Footwear,0.0,0,0.99,0,0,RTO
ord_100744,ba6614c9bf30e29c5c5e4b4e2165bc33b6ef3270126df204cb05c407809116ce,2026-01-10 02:08:43,9073.71,COD,Electronics,50.0,2,0.89,0,0,delivered
ord_100745,c4965b309ec299d0a1ded94e6adbf3e1276e0deb15eab60b0162e081f69087ee,2025-03-02 10:27:34,1464.63,COD,Electronics,50.0,10,1.0,0,0,RTO
ord_100746,a15082459e0d6588fe31c6efe7f5f0d98a47c07b9f56f0f8dbc5c4829749e712,2025-04-25 13:20:57,2504.12,COD,Fashion Accessories,50.0,13,0.88,0,0,delivered
ord_100747,b9c948e768e9d8fd7b6b465c0d800396b3a401ff041a4a4525bcc6999cc61b8f,2025-01-29 08:08:52,9117.43,prepaid,Beauty & Care,10.0,8,0.79,0,0,delivered
ord_100748,72b79e4ae06948a008c50be7f5284ec2f852396a5881173b2a21a261f6ea6b50,2025-01-12 03:53:42,1399.83,COD,Footwear,0.0,3,0.94,0,0,delivered
ord_100749,bad34b6c12bca992128b17a838b1349c114237b69a5798a558fcc1bcc4a38726,2025-11-27 18:24:15,882.53,prepaid,Apparel,15.0,18,0.48,0,0,delivered
ord_100750,9a8b4e2820ca74a7833ee9aec549095169a10664e5d209c7585179e0ded1e514,2026-05-08 12:36:56,721.38,COD,Apparel,0.0,12,0.98,0,0,delivered
ord_100751,b04615faee3ac481e3ddf84d0345e1d446b00fccbdddc46d8bedd34bcfdc1207,2026-06-03 15:01:08,2619.64,COD,Electronics,0.0,15,0.55,0,0,delivered
ord_100752,95238f2f24a1f560758f2bfd1f3f93619b776c337570e4acdd63525ff9ca4bc4,2025-11-17 17:39:41,2402.04,COD,Fashion Accessories,15.0,17,0.95,0,0,delivered
ord_100753,654ab2f78c64326455e1bcab94f87001727236f931a4508caa9e3389b2d97dde,2026-09-10 14:27:01,2412.07,COD,Apparel,0.0,14,0.56,0,0,delivered
ord_100754,82df7bcd756d60bde69286473816e8ebb3814c1d0b4ff18ec8fba427377017eb,2025-05-13 08:41:11,5288.4,prepaid,Electronics,10.0,8,0.82,0,0,delivered
ord_100755,d22b778f0986ef28c52ff2d44a937d6f779cbc2ac7068238136cdaf31fa0575e,2025-04-11 02:19:10,860.25,COD,Fashion Accessories,15.0,2,0.76,0,0,delivered
ord_100756,e216abdbe26329efcc00b6f04d2a63f839debd867048a06d36052dfeb3070dd1,2025-04-02 22:37:39,1533.94,prepaid,Fashion Accessories,10.0,22,0.5,0,0,delivered
ord_100757,a95e6c0be0fb5e4fe90bd69cf725fa1b6087db5d76e5500164cf747eceee33b6,2026-04-26 02:12:44,5051.96,prepaid,Apparel,50.0,2,0.96,0,0,delivered
ord_100758,4afacc46f0ad02aad43b5d54b5e5598c59ae71978cfbd72e96f56853a7677e71,2026-02-20 20:54:01,1462.7,prepaid,Beauty & Care,15.0,20,0.58,0,0,delivered
ord_100759,3606f91f0933d7d9fcd47c2daaa7c3086c1a3cc9ffdd1d99ef562302f92f00a2,2025-06-11 12:53:15,2428.43,COD,Apparel,50.0,12,0.69,0,0,RTO
ord_100760,b861a625dab2222495fa6bade346141901175c4bda0bb9843c3ad3b59d19391d,2025-05-19 18:46:55,789.37,COD,Apparel,15.0,18,0.74,0,0,delivered
ord_100761,1cf81c5e46bcf99d2ae2344c1dbe8c3d0ea467746f371617b53fecb4e88170d1,2025-05-30 18:53:46,5203.38,COD,Home & Kitchen,10.0,18,0.61,0,0,delivered
ord_100762,98202bfea090fdeb8514ec7714471bd484f522579372e6dbb4029c3cecc5168c,2025-07-27 20:14:56,1482.23,COD,Apparel,50.0,20,0.47,0,0,delivered
ord_100763,8d76c70fae18129013e4f86574eacaf1f3d48df265a694c5e3dfd5a9570d3061,2025-07-14 06:04:27,1583.75,COD,Fashion Accessories,0.0,6,0.87,0,0,delivered
ord_100764,8312560c26885c6ca846d123f1b9ff23f0bec6e0b7bbf34e9debadcdcaedb8bc,2025-12-03 16:29:51,1525.36,COD,Fashion Accessories,40.0,16,0.53,0,0,delivered
ord_100765,0d806512d213c2dc5fb2b6445822fa439a3b4b2fdd7e7a29f48e50e2eed60478,2025-12-16 01:29:10,1433.75,COD,Home & Kitchen,15.0,1,1.0,0,0,delivered
ord_100766,b2cbb6d271a384cf2b77128e9c2d124a5bc0fc70229643d268c51a267dd431a8,2025-01-24 06:07:16,842.1,prepaid,Beauty & Care,0.0,6,0.59,0,0,delivered
ord_100767,7e2a24c813011cd83680221e67c4ac0a863ea7a476abb888c828a182cb9d5ad7,2025-09-05 10:55:55,2625.99,prepaid,Electronics,15.0,10,1.0,0,0,delivered
ord_100768,e6e695e615574e730a279625802e117dc62c4d04f57786dcde2c2565d680bbe7,2025-06-18 21:48:43,8928.93,COD,Home & Kitchen,50.0,21,0.64,0,0,RTO
ord_100769,60dce5d16dd9aa099d4b885764d81afc0e4b2c424fe449ae6d4693b813afbc37,2025-02-08 13:43:28,2446.7,COD,Footwear,25.0,13,0.58,0,0,delivered
ord_100770,c307a6dca7b8f04b891e4302f53ee02d4ffde4619ab4acd75273e5863d278a31,2025-01-04 14:37:35,757.33,COD,Beauty & Care,40.0,14,1.0,0,0,delivered
ord_100771,4fdaad9a6444512e88e50908966394880d372d9fb8c2285ca635eb9f11a329c6,2025-03-03 22:58:06,556.33,COD,Home & Kitchen,50.0,22,1.0,0,0,delivered
ord_100772,f97b9e4f4d324d5fee960057f4942943613842f2b48d620a10e81b12f70ed359,2026-04-25 23:55:34,741.05,COD,Apparel,15.0,23,1.0,0,0,delivered
ord_100773,df1606427cc9cc1e3eefa36c2633d82ffd3340ea91035fdcc8c300834fd2c107,2026-09-26 22:05:39,502.88,prepaid,Fashion Accessories,0.0,22,0.53,0,0,delivered
ord_100774,e515d589a0b37e4cfd4511ac927c5095751f6b2f29cc1cb86716ae23a9c39ea5,2026-06-27 16:03:23,449.52,COD,Beauty & Care,10.0,16,1.0,0,0,RTO
ord_100775,a0384f89a6fccea23e697729d2266c3853980ec5162c6b7047ffb28ce48614a0,2025-07-06 19:40:55,1508.06,COD,Footwear,25.0,19,0.62,0,0,delivered
ord_100776,d37d8a41717a7cbd92b01cce319acd460202c48669f361c53952f972041be734,2026-05-28 05:36:45,429.06,prepaid,Fashion Accessories,25.0,5,0.63,0,0,delivered
ord_100777,a0384f89a6fccea23e697729d2266c3853980ec5162c6b7047ffb28ce48614a0,2026-02-04 04:17:58,9080.61,prepaid,Footwear,10.0,4,0.88,1,0,delivered
ord_100778,a6a2683c5447245581f7348e39d4aef60ed25dda03bc923a67c559cd3207a431,2025-12-18 09:56:30,726.46,COD,Beauty & Care,25.0,9,0.58,0,0,delivered
ord_100779,d311a967747bab33b2bc0180b61453a2f319784f9c8c433716d8c54df2075141,2025-12-25 00:48:27,756.64,prepaid,Electronics,10.0,0,0.6,0,0,delivered
ord_100780,4ca2886300a4091b273c1147072afe796f93856ac03c6064f4ed088c17d17c56,2026-03-04 10:24:54,2599.88,COD,Electronics,40.0,10,0.65,0,1,RTO
ord_100781,f4105051db521505742fa9d5be8fa015d433da89646495f204754f4d00f8cf40,2026-07-23 13:29:56,2469.66,COD,Electronics,15.0,13,0.77,0,0,delivered
ord_100782,33f58c41191b6ac0fcfa51613ab21453b6405ef0be1595ac1a8643083efdedef,2025-03-28 06:44:00,5005.47,COD,Apparel,0.0,6,0.77,0,0,delivered
ord_100783,92270fe617aca61b934010a4c399b2cb22c9e526ed8e1d12cf8a2171c1354849,2025-03-20 16:26:54,1397.07,prepaid,Fashion Accessories,10.0,16,0.9,0,0,delivered
ord_100784,f93ea487a3f9a44a96b7af828fa8d04abfc27d7f9c8a720c40c3cb714ccde7b6,2025-03-15 04:48:31,2694.64,prepaid,Home & Kitchen,50.0,4,0.62,0,0,delivered
ord_100785,efafd712e5fa6161e95e01042dfb959797ac1223b075e517a7b46466ef1ed475,2025-04-21 03:58:15,1207.33,COD,Beauty & Care,15.0,3,0.91,0,0,RTO
ord_100786,e3d637f95424325a1d5836ec661717feee129e5abdf36a2384dd7fe37e479d42,2026-01-04 00:50:03,2442.75,COD,Electronics,0.0,0,0.99,0,0,RTO
ord_100787,252eba80ab84de0641950efaa74600d8927bcbcf6e9797849ca2ea69b043e0c9,2025-03-19 15:59:40,2692.93,prepaid,Beauty & Care,40.0,15,0.59,0,0,RTO
ord_100788,e3d637f95424325a1d5836ec661717feee129e5abdf36a2384dd7fe37e479d42,2025-08-22 21:32:42,5092.74,prepaid,Fashion Accessories,15.0,21,0.98,1,0,delivered
ord_100789,9184bc9f46ed202c39098be28e8f08acfcce8b53cec5e9609465ddb8e4fa7ca1,2026-05-28 03:29:24,930.03,COD,Apparel,50.0,3,1.0,0,0,delivered
ord_100790,2abfcf2f05482ba731983467393b2524d6a1d042daaac0189d2433b95282b05e,2025-08-01 18:18:40,4968.98,COD,Beauty & Care,50.0,18,0.67,0,0,delivered
ord_100791,1d289cb6d08bd0de0fcbd254d2e67055b9fe8fe462f8a23d3538671d5715868b,2025-08-29 06:12:15,1532.67,COD,Fashion Accessories,0.0,6,0.71,0,0,delivered
ord_100792,e67a156c6473fea721cf1593fc589a2fd5c856f4b9275420d4e26ea39dabd670,2025-03-27 14:06:04,885.53,COD,Fashion Accessories,10.0,14,0.76,0,0,RTO
ord_100793,8312560c26885c6ca846d123f1b9ff23f0bec6e0b7bbf34e9debadcdcaedb8bc,2025-08-12 21:33:18,485.93,COD,Beauty & Care,40.0,21,0.5,1,1,RTO
ord_100794,826ca3eb9274f2c5cb601881a16b7e33530e3bf3d1d824a669a16e33905b57dd,2025-02-08 18:14:29,5165.13,COD,Footwear,40.0,18,0.5,1,0,RTO
ord_100795,7b15818f733d0ebb16496e99e5e8597d575cd17ebbce809dee617d68937a5573,2025-10-03 10:49:26,9053.5,COD,Fashion Accessories,25.0,10,0.63,0,1,delivered
ord_100796,32673ab8979916f5a3fdae4528ca5f03baa69626299b102b7e1e49d3b3d800bf,2026-09-17 18:44:04,1253.28,COD,Electronics,40.0,18,0.6,0,0,delivered
ord_100797,f2074ca32124241877d0d46172d8989d6a30dfb470cc9777a7d9c6e093f57838,2026-02-28 23:01:16,454.44,prepaid,Beauty & Care,25.0,23,0.88,0,0,delivered
ord_100798,6e7832c59722dfc1a5353893a2686ce9a08935455d3170f346aad8a0647a83c7,2025-11-29 04:19:52,764.02,prepaid,Beauty & Care,0.0,4,1.0,0,0,delivered
ord_100799,c83faed918e8637fe61b534629c21e20869a2959c511b0dc27b2f6f4dc734bbe,2026-09-03 23:53:05,5116.31,COD,Electronics,40.0,23,0.89,0,0,delivered
ord_100800,748a7c4d286deb82a4533ebc061540c61e18747e362978b0872acbb96ea64c7d,2025-12-24 11:08:11,8941.82,COD,Footwear,40.0,11,0.56,0,0,RTO
ord_100801,e940baf46273ace88a116e5468cd4e5231e8f318211ecc4429c2a09d2be074f1,2026-06-08 19:58:10,905.51,prepaid,Fashion Accessories,40.0,19,0.91,0,0,delivered
ord_100802,103ed0bc53ff30d5862c89a71080527ad29663746ba0ee93106d63d747eeafcd,2025-08-22 17:02:14,2648.47,prepaid,Apparel,10.0,17,0.79,1,0,delivered
ord_100803,7b15818f733d0ebb16496e99e5e8597d575cd17ebbce809dee617d68937a5573,2025-01-20 03:37:41,518.97,COD,Apparel,25.0,3,1.0,0,0,delivered
ord_100804,47d8746bd2b66bcd7524c9e4f7bd948536538be72a84f65f59c266e4387d91c8,2025-12-02 19:39:25,9161.99,COD,Electronics,10.0,19,0.76,0,0,delivered
ord_100805,1646fc67306ee951174388b9966a426c97563f8f000b8b8212dbb830f35d5a2a,2026-06-03 11:45:51,9009.07,COD,Footwear,25.0,11,0.83,0,0,RTO
ord_100806,a15082459e0d6588fe31c6efe7f5f0d98a47c07b9f56f0f8dbc5c4829749e712,2025-04-04 07:19:12,657.04,COD,Footwear,50.0,7,0.79,0,0,delivered
ord_100807,a15082459e0d6588fe31c6efe7f5f0d98a47c07b9f56f0f8dbc5c4829749e712,2025-08-04 01:51:55,4983.31,COD,Home & Kitchen,50.0,1,0.77,0,1,RTO
ord_100808,1b489e2b9b5cfc14cffbad47d1d2e38ae57cd6a0f67226f22463c2bbfa44eb4e,2025-09-21 12:50:38,1512.98,prepaid,Electronics,50.0,12,0.64,0,0,delivered
ord_100809,0fce2b58ca477ddad7503589f711a4f9736c926359cd27320b558da97f43ea0f,2026-01-02 10:06:01,5209.16,COD,Fashion Accessories,40.0,10,0.48,0,0,delivered
ord_100810,e940baf46273ace88a116e5468cd4e5231e8f318211ecc4429c2a09d2be074f1,2026-04-25 14:34:07,8962.67,COD,Apparel,0.0,14,0.86,0,0,RTO
ord_100811,ebf3062392f08175ced3b5a6fd2ae13b86315bf1afa7976d1c1d6870eb2fde47,2025-03-23 21:23:28,2767.95,COD,Beauty & Care,0.0,21,0.79,0,0,RTO
ord_100812,f97b9e4f4d324d5fee960057f4942943613842f2b48d620a10e81b12f70ed359,2026-04-17 02:36:00,1242.06,COD,Electronics,25.0,2,0.78,0,0,delivered
ord_100813,62c76739c74b90ed3f524a9bd53cacf2311a4fc04cef328fd4040b2314da0c88,2025-06-25 03:33:36,733.41,COD,Home & Kitchen,0.0,3,0.88,0,0,delivered
ord_100814,9916f75d49cf2eddcdac4f4c35274d6e39751ec203df1cc20dfb0816cdec9521,2025-10-07 06:42:10,5244.8,prepaid,Home & Kitchen,15.0,6,0.35,0,1,delivered
ord_100815,b252fd91ed0952741ba35b404ffe0bdd1a20913da48f40bb4675d871bd7d6018,2025-05-28 16:24:31,5039.84,COD,Beauty & Care,40.0,16,0.93,0,0,delivered
ord_100816,793b18accc1bc68043a8409aae275069547ba7a80f1d29044667d5b52fe86862,2025-03-02 16:42:22,598.48,COD,Apparel,0.0,16,0.8,0,0,delivered
ord_100817,82cd6d29b82272bceb4b9008b64351cc623923b755f20ce537c744deddc82811,2025-10-31 06:04:32,1228.91,COD,Electronics,40.0,6,0.57,0,0,delivered
ord_100818,6457de8f095c25b745cc0d26ef17d238ecbe877dbbc1f918cb66fb5f711f88bd,2026-03-01 01:05:21,1460.29,COD,Beauty & Care,0.0,1,0.67,0,0,delivered
ord_100819,26f6a8b2ca2b28a94e723e3d6d8e4834d6727942b061b67570751e09d08d91e3,2025-06-08 15:11:05,493.25,prepaid,Fashion Accessories,0.0,15,0.99,0,0,delivered
ord_100820,d6f518ba79cd4dd78da4c7b43139099a9a6f5349e83978a0724c0c096c1f1e20,2025-09-26 15:01:43,9143.97,prepaid,Home & Kitchen,0.0,15,1.0,0,0,delivered
ord_100821,6998c0e984221d441b0d176086cca86e494761bd58ff1d4d8bf3429df8aa670a,2025-01-28 15:38:01,2590.04,COD,Footwear,10.0,15,1.0,0,0,delivered
ord_100822,e6d7cd0cfccdcf5074b6f5313144abf7be05cc5723fcd2580748fa3c3a90bd2f,2026-03-06 03:16:16,8949.09,COD,Beauty & Care,50.0,3,0.72,0,0,delivered
ord_100823,df1606427cc9cc1e3eefa36c2633d82ffd3340ea91035fdcc8c300834fd2c107,2025-10-01 05:49:26,494.27,COD,Beauty & Care,0.0,5,0.79,0,1,delivered
ord_100824,6205849e8db31ef8ea759e622edd56ebdc796671aea90cbddacd6cdbbc3022d1,2026-03-18 05:11:37,1024.05,prepaid,Fashion Accessories,0.0,5,0.48,0,1,delivered
ord_100825,5b11c7d0f2a3179f738870d61641ddf9509537c758c06ffbe3d895ddbfbd76f5,2025-08-16 02:58:05,661.64,COD,Fashion Accessories,0.0,2,0.56,0,0,delivered
ord_100826,ce3874c6697ed419f6dfd894bb8fc76084dacf1f4d9f28e7664061d7724ec755,2025-06-21 02:27:09,5016.07,COD,Footwear,50.0,2,0.61,1,0,RTO
ord_100827,1f639b7b4c36aacb74101febf78ad7022a98ec5e33b9bd3f95a45b4d492091a3,2026-07-02 23:30:15,1063.82,COD,Apparel,40.0,23,0.39,0,0,delivered
ord_100828,c36887923c2e5987823c8603138ca59069c19d6e21d0cd28f5bce0a13078b84d,2025-01-28 20:37:18,2780.22,COD,Fashion Accessories,0.0,20,0.75,0,0,delivered
ord_100829,779649dce773e3495be76c4e05f3fc289c509fb331834bc109c8048a1d98ae8f,2025-02-16 09:15:44,744.11,COD,Beauty & Care,25.0,9,0.73,0,0,delivered
ord_100830,bf8e9520b2705d482eebb08b345f852331d24e627908ea1d2f96eac1c1439969,2025-02-10 14:11:25,763.02,COD,Footwear,15.0,14,1.0,0,0,delivered
ord_100831,5323f76b19be536c6babd7e9d8ae4dfe164b494818533f065bcc3f798112c2fc,2025-11-29 02:05:40,620.32,prepaid,Apparel,50.0,2,0.96,0,0,delivered
ord_100832,9ecca41aa87f3da03e3180ab150b3aaf42fa7b87f9de273b9902e394e95f4357,2026-08-21 07:25:45,2697.25,COD,Beauty & Care,10.0,7,0.56,0,0,delivered
ord_100833,783a3a76d6ff66053432770b6f3b0a63a856c1da061d5572aa7376ae5b98b8fc,2025-01-30 23:40:18,1511.97,COD,Fashion Accessories,40.0,23,0.51,0,0,delivered
ord_100834,18edd58cec04efe724cc0178e4506a4595a2e1aaf07df02932db73d691cee4d5,2025-12-11 17:11:36,785.35,COD,Beauty & Care,25.0,17,0.86,0,0,delivered
ord_100835,8a5bfe35bc0dffa13d67f22745dbcb594cffbf5b018a2c0bd0437998e050674d,2025-08-03 17:19:14,2470.92,COD,Apparel,15.0,17,0.59,0,0,delivered
ord_100836,a1e91752407c7884fd46ee1043d61c717c4f032be610800938c457dfe2261459,2025-06-30 17:19:44,5243.23,COD,Fashion Accessories,40.0,17,0.61,0,0,delivered
ord_100837,fb10a68d5002ccc32c3ed8542900247be71e854b515dec0662aba045c6a1c06f,2025-07-19 23:07:26,5186.33,prepaid,Footwear,40.0,23,0.65,0,1,delivered
ord_100838,c80bf955875498754e700e08a8d15a16a47d92276a5d3b3e6a5d785b16f6d2bb,2025-09-11 01:08:52,2427.56,prepaid,Fashion Accessories,25.0,1,0.9,0,0,delivered
ord_100839,82df7bcd756d60bde69286473816e8ebb3814c1d0b4ff18ec8fba427377017eb,2025-11-14 00:14:07,2775.99,prepaid,Footwear,15.0,0,0.8,1,1,delivered
ord_100840,6a6db79547d05b166c2b3585c6df4ea30bbb51955b6283136806f92bf42a0472,2025-03-24 12:18:35,9211.35,prepaid,Home & Kitchen,40.0,12,1.0,0,0,delivered
ord_100841,f215918299d3d3e7f13ea1bace09ed0ecd8976ad8ca8f282c389573a777d079b,2025-01-26 07:41:57,781.07,COD,Fashion Accessories,10.0,7,0.92,0,0,delivered
ord_100842,a0384f89a6fccea23e697729d2266c3853980ec5162c6b7047ffb28ce48614a0,2026-09-12 23:37:47,5075.41,COD,Home & Kitchen,15.0,23,0.5,0,1,delivered
ord_100843,3606f91f0933d7d9fcd47c2daaa7c3086c1a3cc9ffdd1d99ef562302f92f00a2,2025-06-29 08:06:52,8995.42,prepaid,Apparel,50.0,8,1.0,1,0,delivered
ord_100844,cf0f023d75c9e7ed57c8f907105415dd3fec9e9a6ccd95a64b7a4c1e316731eb,2025-10-09 09:42:19,878.59,COD,Home & Kitchen,25.0,9,0.93,0,1,delivered
ord_100845,8158b7d58e7b6bd74454d56a939f42b54557225dc2c17ce984e8f7d4da952752,2025-09-01 18:28:57,929.4,COD,Home & Kitchen,50.0,18,0.91,0,0,delivered
ord_100846,d4e98d0f7a3b6fb40f1b8554856e855e3858940d1440e26163527742a8713319,2025-04-04 19:40:02,2696.14,prepaid,Fashion Accessories,10.0,19,0.45,0,0,delivered
ord_100847,d4b6e8219d45bbfddf7af76d3e562872878604b8ebf14e0faafb73038bc2c1fa,2025-10-03 05:53:38,4995.57,COD,Fashion Accessories,15.0,5,1.0,0,1,delivered
ord_100848,60693a43b3e815e18f883506a18b5f1bca314d15b3f8be9a5f9965354d8cddec,2025-02-27 06:50:49,2651.33,COD,Beauty & Care,50.0,6,0.91,0,0,RTO
ord_100849,09cb08bb5739c6417f8d741c38d53c3bea9546efb321a5ac0f5f509babd430cc,2026-07-17 02:53:05,459.9,prepaid,Home & Kitchen,0.0,2,0.8,0,0,delivered
ord_100850,5235264673cd3d38cfa6c668ed7e4976454880df81ec5b33793654d34f2daecb,2025-05-18 06:20:30,817.94,COD,Apparel,15.0,6,0.43,0,0,delivered
ord_100851,62c76739c74b90ed3f524a9bd53cacf2311a4fc04cef328fd4040b2314da0c88,2025-09-08 17:25:46,724.59,prepaid,Electronics,50.0,17,0.72,0,0,delivered
ord_100852,dcbc9dc643aa3f5e7b8c755da777adcc8ea3a99c931e386d32144d1cf0d1d179,2025-08-10 04:53:17,2488.45,COD,Beauty & Care,10.0,4,0.59,0,0,delivered
ord_100853,a95e6c0be0fb5e4fe90bd69cf725fa1b6087db5d76e5500164cf747eceee33b6,2026-04-10 18:49:36,5218.6,prepaid,Home & Kitchen,0.0,18,0.73,0,0,delivered
ord_100854,f629643e8fc3781b1e9bf5454ff4896916fc7772b393680a6ab3fdb95f8720a8,2025-11-28 06:35:02,1566.2,COD,Beauty & Care,50.0,6,1.0,0,0,delivered
ord_100855,3d2af34d49a8b3be22ddb1ff3483157f204a2207b24c48e77612521fa390fe2d,2025-03-09 11:15:32,8945.59,prepaid,Fashion Accessories,15.0,11,1.0,0,0,delivered
ord_100856,e8c3ec5c25a67b5b0637bc605bf097a1bce0e9d403addbfd5d80fdd8cf273592,2026-01-29 20:17:12,5167.83,COD,Fashion Accessories,0.0,20,0.85,0,0,delivered
ord_100857,786e394dfa81db0e331bd00bddcc187319ed750319914c8a3b8402ef78e9c359,2025-09-04 15:08:09,778.67,COD,Fashion Accessories,50.0,15,0.83,0,0,delivered
ord_100858,b252fd91ed0952741ba35b404ffe0bdd1a20913da48f40bb4675d871bd7d6018,2025-08-08 12:02:23,5241.86,COD,Apparel,50.0,12,0.58,0,0,delivered
ord_100859,4b85369b1868096ea4fe42303b7f667715d7237fd7a20971f5b20fb292eae51c,2025-11-21 19:03:18,4992.89,COD,Fashion Accessories,15.0,19,0.73,0,0,delivered
ord_100860,22086bcd3b63c9e91e99d0b910179325876eacc5dc74d11ecf4be50a0fdd6a26,2025-08-15 21:26:07,2638.14,COD,Fashion Accessories,40.0,21,0.74,0,0,delivered
ord_100861,e67a156c6473fea721cf1593fc589a2fd5c856f4b9275420d4e26ea39dabd670,2025-11-22 21:47:58,2445.33,COD,Fashion Accessories,25.0,21,0.66,0,0,delivered
ord_100862,79e9cd1ae10c8300e5651ece4176b68e64d6486ea38b26591e752cabf251eb5e,2026-04-12 20:32:52,1401.99,COD,Footwear,25.0,20,0.63,0,0,delivered
ord_100863,b2a3e871ac4bab5644a9b2e669b8ee6fddb71657d4984603e92df52b738020d9,2025-07-28 09:47:44,522.4,COD,Fashion Accessories,25.0,9,0.81,0,0,delivered
ord_100864,4b755e02ec4ba001458e0938a79e3367f0ecc277e2d83c91580cbffdff58dd9a,2025-04-11 08:44:54,719.97,COD,Fashion Accessories,0.0,8,0.89,0,0,delivered
ord_100865,0d806512d213c2dc5fb2b6445822fa439a3b4b2fdd7e7a29f48e50e2eed60478,2026-05-24 16:48:34,1093.09,COD,Home & Kitchen,40.0,16,0.62,0,1,RTO
ord_100866,f97b9e4f4d324d5fee960057f4942943613842f2b48d620a10e81b12f70ed359,2025-09-15 11:38:50,413.43,COD,Electronics,0.0,11,0.93,0,0,delivered
ord_100867,434d20c4ceed247e6d2c03ed3ceb81bafb918ae7fe54b9b862781a51a51b39b4,2025-05-02 21:40:34,8997.92,COD,Fashion Accessories,15.0,21,1.0,0,0,delivered
ord_100868,e515d589a0b37e4cfd4511ac927c5095751f6b2f29cc1cb86716ae23a9c39ea5,2025-03-07 22:57:38,9065.15,COD,Fashion Accessories,0.0,22,0.93,0,1,RTO
ord_100869,b11fa7c9ddc2338b4903db279e03dbb0e092d79e9b14d9450eb11be5de7c3430,2025-05-31 21:43:03,2603.94,prepaid,Footwear,0.0,21,0.62,1,0,delivered
ord_100870,72b79e4ae06948a008c50be7f5284ec2f852396a5881173b2a21a261f6ea6b50,2026-01-02 03:32:22,2623.4,COD,Electronics,25.0,3,0.5,0,0,delivered
ord_100871,b252fd91ed0952741ba35b404ffe0bdd1a20913da48f40bb4675d871bd7d6018,2026-07-20 02:39:14,8942.32,COD,Home & Kitchen,10.0,2,0.78,0,0,delivered
ord_100872,c804e490fc342dc1379584e867f0671248ccd129478bd96f622683492ff11f46,2026-03-14 09:56:16,9289.33,COD,Electronics,0.0,9,0.78,0,0,delivered
ord_100873,3df4ce61e781a4a8bd281ce7b6fbf9d9a5130b6f225dd59cded79d25e66245f5,2025-04-20 18:35:33,9234.86,prepaid,Home & Kitchen,10.0,18,0.45,0,0,delivered
ord_100874,332ff4655ca28410391cc53201cea90c1da65477a410ded780e7fd848940a38c,2025-01-29 08:35:25,506.26,COD,Beauty & Care,10.0,8,1.0,0,0,delivered
ord_100875,cdcb5ab7a8ef488617d2f4e0149447752b220c7bb283168ed4ea1bd95403dead,2025-09-07 23:29:39,9296.1,COD,Home & Kitchen,0.0,23,1.0,0,0,RTO
ord_100876,73ba033068c56003bd2d9212017fb8b21bcf1c3acbcc665a3741609c16646c66,2025-05-06 21:38:04,2746.9,COD,Electronics,0.0,21,0.48,0,0,delivered
ord_100877,8312560c26885c6ca846d123f1b9ff23f0bec6e0b7bbf34e9debadcdcaedb8bc,2025-04-19 15:16:47,517.7,COD,Beauty & Care,25.0,15,0.93,0,0,delivered
ord_100878,1b489e2b9b5cfc14cffbad47d1d2e38ae57cd6a0f67226f22463c2bbfa44eb4e,2026-05-21 00:59:33,1020.13,COD,Fashion Accessories,50.0,0,0.64,0,0,RTO
ord_100879,1529fb30447f2e6c85c536498c893d9ec04b798536bc19ac7274e5f7f61bc669,2026-08-04 00:41:39,908.75,prepaid,Electronics,25.0,0,0.46,0,0,delivered
ord_100880,9916f75d49cf2eddcdac4f4c35274d6e39751ec203df1cc20dfb0816cdec9521,2025-08-31 05:07:42,5082.44,COD,Apparel,0.0,5,0.47,1,0,RTO
ord_100881,5df092e76c6fb05acce2c57217b2d6e23b01482e6434515bdc569439f9f05433,2025-06-25 13:29:43,1312.68,COD,Electronics,25.0,13,0.79,0,0,delivered
ord_100882,baf45a4a0cc19e84c5f10c678ca158177adcfe4559b0d6755fe82de25923545e,2026-03-12 19:53:28,4959.97,COD,Apparel,50.0,19,0.63,0,0,delivered
ord_100883,002085a333aff0b4223c96c4580368b7bf9991668f3ee79b48b66c848d5b3c80,2025-09-14 10:37:55,1585.66,prepaid,Home & Kitchen,50.0,10,1.0,0,0,delivered
ord_100884,22086bcd3b63c9e91e99d0b910179325876eacc5dc74d11ecf4be50a0fdd6a26,2025-06-18 02:47:54,764.93,prepaid,Electronics,0.0,2,0.2,0,1,delivered
ord_100885,f09e22aa24d009ef67cb2e59aee831f0a6ca5d8ab23fd917b9706ebc05fe5289,2025-11-27 10:08:15,495.31,COD,Home & Kitchen,25.0,10,0.68,0,0,delivered
ord_100886,9e4b82ae3d5fbf79e5399efc8ac19724e6f271b13247f53e71a4ecb413074201,2025-09-04 04:47:05,1077.2,prepaid,Electronics,15.0,4,1.0,0,0,delivered
ord_100887,82cd6d29b82272bceb4b9008b64351cc623923b755f20ce537c744deddc82811,2026-06-17 08:10:40,1270.2,prepaid,Fashion Accessories,15.0,8,0.66,0,0,delivered
ord_100888,8fdb9196d5ea5d68e9d131d38c48a6f62ffa653eba1dd78700153b869c7b6cc6,2025-10-25 01:31:22,875.83,prepaid,Apparel,40.0,1,0.5,0,0,delivered
ord_100889,b7aae3f5a7fe857aa4279af87b6f61a57de8419aedb31410b25190a46555aa2d,2025-01-11 02:14:06,9090.49,COD,Footwear,0.0,2,0.67,1,0,delivered
ord_100890,716065e9530497584a753e860d5f3c7aa6b633ecb42765f847b239cc4d2d7723,2026-04-17 21:28:59,9248.97,COD,Beauty & Care,40.0,21,0.3,0,0,RTO
ord_100891,ba6614c9bf30e29c5c5e4b4e2165bc33b6ef3270126df204cb05c407809116ce,2025-04-03 18:16:34,1237.99,COD,Apparel,40.0,18,0.23,0,1,RTO
ord_100892,534178e1d7604e406fd5d8c11ee1f202e1bbd1f73bcd3e49608cc10efe4be1d5,2026-07-05 22:28:38,1405.54,prepaid,Fashion Accessories,50.0,22,0.55,0,0,delivered
ord_100893,16bf5b1bc736b776a4fe513f5099a52edffe5da4e625f900cd4af2aba13a0785,2025-04-25 13:51:33,509.21,COD,Beauty & Care,10.0,13,0.86,0,0,delivered
ord_100894,f93ea487a3f9a44a96b7af828fa8d04abfc27d7f9c8a720c40c3cb714ccde7b6,2025-08-30 16:31:37,2626.27,COD,Footwear,50.0,16,0.63,0,0,RTO
ord_100895,837b9fd2eb8c8d9c3cf6b548b408af8a6890ffdd17678ace8210c34aba48f2d1,2026-09-05 15:07:02,749.88,COD,Beauty & Care,10.0,15,0.54,0,1,delivered
ord_100896,5c50cc39e30b4b0386da6f4d715561b557c3247cf26b073151dfdd0133899670,2025-08-30 03:53:54,1255.17,prepaid,Electronics,15.0,3,0.57,0,1,delivered
ord_100897,31cc6e65511571750238a4c85a8c713b7e43c9c61d0296516890c22a6f39eefd,2025-07-21 10:42:38,1430.48,COD,Beauty & Care,15.0,10,0.95,0,0,delivered
ord_100898,ac107e9d7a46919ab2e25edfe0f1d885f7917a1c8e0f3cb7e0e8b65e0dcabeac,2025-01-29 12:43:01,5126.48,COD,Electronics,50.0,12,0.69,0,0,RTO
ord_100899,6c9a720469fb8641709276c2a08c674765337ceb83788f6d610f8f1294bd3b59,2026-06-28 10:29:33,1235.3,COD,Fashion Accessories,10.0,10,0.59,1,0,RTO
ord_100900,18fe1d5da22778db5010343f2a42cfe0b105b303a6ad6a4601be0bf0ebcf7795,2026-01-05 02:33:11,5050.16,COD,Footwear,40.0,2,0.95,1,0,RTO
ord_100901,7e2a24c813011cd83680221e67c4ac0a863ea7a476abb888c828a182cb9d5ad7,2025-05-04 07:19:25,473.84,COD,Fashion Accessories,15.0,7,0.63,0,0,RTO
ord_100902,efafd712e5fa6161e95e01042dfb959797ac1223b075e517a7b46466ef1ed475,2026-04-07 01:02:07,2732.64,COD,Beauty & Care,15.0,1,0.94,0,0,delivered
ord_100903,a46fb279b7ff3b1334401a58be563ece99628504e0ebb7a38751d56c0f7eb1de,2025-07-01 23:43:31,567.39,prepaid,Home & Kitchen,15.0,23,1.0,1,0,delivered
ord_100904,0ae129c1c62c9b3678d15828c4687d15db41b203b6d93d3e5ef9181bfbd232ff,2026-04-09 14:06:42,5199.74,prepaid,Electronics,10.0,14,1.0,0,0,delivered
ord_100905,c36887923c2e5987823c8603138ca59069c19d6e21d0cd28f5bce0a13078b84d,2026-09-15 12:50:58,662.44,COD,Beauty & Care,10.0,12,0.94,0,0,RTO
ord_100906,c80bf955875498754e700e08a8d15a16a47d92276a5d3b3e6a5d785b16f6d2bb,2025-12-06 01:51:39,5237.27,COD,Fashion Accessories,15.0,1,0.45,0,1,RTO
ord_100907,716065e9530497584a753e860d5f3c7aa6b633ecb42765f847b239cc4d2d7723,2026-06-04 04:33:57,554.03,COD,Electronics,15.0,4,0.85,0,0,delivered
ord_100908,6a36331ad82976d59989cff3a0f6dfab3e5d3a77b5cd3fdc41b73d5b2b100e14,2026-04-09 15:44:49,9195.17,COD,Beauty & Care,40.0,15,0.61,0,0,delivered
ord_100909,826ca3eb9274f2c5cb601881a16b7e33530e3bf3d1d824a669a16e33905b57dd,2026-04-20 05:47:05,8991.03,COD,Apparel,25.0,5,0.61,0,0,delivered
ord_100910,6a36331ad82976d59989cff3a0f6dfab3e5d3a77b5cd3fdc41b73d5b2b100e14,2025-04-28 02:08:18,503.41,COD,Beauty & Care,25.0,2,0.57,0,0,RTO
ord_100911,3df4ce61e781a4a8bd281ce7b6fbf9d9a5130b6f225dd59cded79d25e66245f5,2025-09-26 23:15:18,463.35,COD,Beauty & Care,10.0,23,0.79,0,0,delivered
ord_100912,f4627b8acd3e0f0b99ab051187d0988ddeaf127ccf7b15dc2e7490a7d5d44772,2025-11-25 03:10:13,9152.65,COD,Footwear,40.0,3,0.75,0,0,delivered
ord_100913,ebfba6896e14c695309117a9e51f8e440a31fa42eaa735edccdfdfc6bccc6152,2026-09-03 02:40:58,8931.0,COD,Beauty & Care,0.0,2,0.79,0,0,delivered
ord_100914,46c0968c07fa3e0f70bcb71031efa46496806768a507ff2e458535d1c22aa8ab,2025-12-04 18:54:02,2583.1,COD,Apparel,0.0,18,1.0,0,1,RTO
ord_100915,cd62f05e7fb52530b209b19d452e3a15c20e7cd3100b2d00054f05a0f615b099,2026-02-26 13:33:55,577.71,COD,Beauty & Care,15.0,13,0.87,0,0,RTO
ord_100916,783a3a76d6ff66053432770b6f3b0a63a856c1da061d5572aa7376ae5b98b8fc,2025-07-13 02:44:16,8956.86,COD,Electronics,25.0,2,0.72,0,0,delivered
ord_100917,d37d8a41717a7cbd92b01cce319acd460202c48669f361c53952f972041be734,2026-07-24 02:17:24,529.64,COD,Apparel,0.0,2,1.0,0,0,RTO
ord_100918,c83faed918e8637fe61b534629c21e20869a2959c511b0dc27b2f6f4dc734bbe,2025-11-25 04:31:42,1487.64,COD,Fashion Accessories,50.0,4,0.72,0,0,RTO
ord_100919,41eacb5e9d273d5574b1fc777df2f068c9db72fb73aa7a72baad00e8acf3033d,2026-04-24 03:16:13,9218.58,prepaid,Electronics,15.0,3,0.78,0,0,delivered
ord_100920,18fe1d5da22778db5010343f2a42cfe0b105b303a6ad6a4601be0bf0ebcf7795,2025-08-04 00:55:44,970.28,COD,Beauty & Care,15.0,0,1.0,0,0,delivered
ord_100921,534178e1d7604e406fd5d8c11ee1f202e1bbd1f73bcd3e49608cc10efe4be1d5,2025-03-17 10:57:51,724.49,COD,Footwear,15.0,10,0.95,0,0,delivered
ord_100922,bad34b6c12bca992128b17a838b1349c114237b69a5798a558fcc1bcc4a38726,2025-10-30 04:13:19,1326.86,COD,Footwear,25.0,4,0.75,1,0,RTO
ord_100923,3a450f47df9b661342857f5d666398499c25acf5dbe9a5ab4479a927449427c4,2025-01-26 01:29:28,9093.62,COD,Apparel,15.0,1,0.76,0,0,RTO
ord_100924,103ed0bc53ff30d5862c89a71080527ad29663746ba0ee93106d63d747eeafcd,2026-05-01 08:17:05,2565.16,COD,Home & Kitchen,0.0,8,0.87,0,0,delivered
ord_100925,0fce2b58ca477ddad7503589f711a4f9736c926359cd27320b558da97f43ea0f,2026-02-22 13:27:16,557.3,COD,Apparel,10.0,13,0.62,0,0,delivered
ord_100926,bf24119bf1e5f954e379eda6feabadaa1d73f852637120bb291c038504749b54,2025-10-01 10:12:52,5010.55,prepaid,Beauty & Care,15.0,10,0.88,0,1,delivered
ord_100927,534178e1d7604e406fd5d8c11ee1f202e1bbd1f73bcd3e49608cc10efe4be1d5,2026-01-26 03:38:15,2701.73,COD,Beauty & Care,15.0,3,0.95,0,0,RTO
ord_100928,e67a156c6473fea721cf1593fc589a2fd5c856f4b9275420d4e26ea39dabd670,2025-01-03 14:12:47,8967.91,COD,Beauty & Care,0.0,14,0.63,0,0,delivered
ord_100929,a95e6c0be0fb5e4fe90bd69cf725fa1b6087db5d76e5500164cf747eceee33b6,2026-04-26 16:41:03,638.83,COD,Home & Kitchen,50.0,16,0.72,0,0,RTO
ord_100930,716065e9530497584a753e860d5f3c7aa6b633ecb42765f847b239cc4d2d7723,2026-06-16 13:27:07,5252.4,COD,Fashion Accessories,50.0,13,0.67,0,1,delivered
ord_100931,a15082459e0d6588fe31c6efe7f5f0d98a47c07b9f56f0f8dbc5c4829749e712,2025-10-14 15:51:27,887.87,prepaid,Electronics,50.0,15,0.96,0,1,delivered
ord_100932,84981666bd32c0d6dc30ec95aeede0971a0f92ea4715c263615195b7427ac323,2026-03-25 15:17:10,2794.89,COD,Home & Kitchen,10.0,15,1.0,0,0,delivered
ord_100933,1529fb30447f2e6c85c536498c893d9ec04b798536bc19ac7274e5f7f61bc669,2025-05-04 16:56:39,698.44,prepaid,Apparel,50.0,16,1.0,0,0,delivered
ord_100934,9112a8abd975e03b1925e5a61f2600acf75bf2c488df7cf4c4f38dec30007149,2025-07-21 23:17:47,5157.84,COD,Fashion Accessories,40.0,23,0.88,0,0,RTO
ord_100935,b2cbb6d271a384cf2b77128e9c2d124a5bc0fc70229643d268c51a267dd431a8,2026-07-18 05:47:08,5150.71,COD,Fashion Accessories,25.0,5,0.72,0,0,delivered
ord_100936,06816333db145f905165067babe2f760474b919729fe55660829b6b53424dc75,2026-08-09 07:42:33,2661.61,prepaid,Footwear,10.0,7,0.64,0,0,delivered
ord_100937,e9c93b770bad751b76f850f35ac1125fb1c701efd4ff401ed451c0e71a252f50,2026-08-08 11:39:46,9076.87,COD,Footwear,25.0,11,0.91,0,0,RTO
ord_100938,e67a156c6473fea721cf1593fc589a2fd5c856f4b9275420d4e26ea39dabd670,2025-01-21 03:33:56,9015.49,COD,Footwear,50.0,3,0.43,0,0,RTO
ord_100939,1ae3e01e22c3ed299bec0eb21bc192fb7c4fa04e3154b8dbee045ecec12ccbd0,2025-04-24 19:26:42,8990.17,prepaid,Footwear,10.0,19,0.78,1,0,delivered
ord_100940,8f425c9f52dc8b308dbcfdc8d1e0b20327881cd7de72d7993596ab3787a2b365,2026-08-03 00:19:48,5259.0,COD,Beauty & Care,15.0,0,0.87,0,0,delivered
ord_100941,a378cde438015ab23e6fbdf677caf3b726556842737f97b6119e7f0d206f4bb6,2026-01-12 21:38:13,892.6,prepaid,Beauty & Care,25.0,21,0.67,0,0,delivered
ord_100942,1439d6dda3643c5753bcf5dfe19890fd667d36866e1bdb896cc7384765a46694,2026-05-20 20:48:57,9261.52,COD,Home & Kitchen,50.0,20,0.76,0,0,delivered
ord_100943,4fdaad9a6444512e88e50908966394880d372d9fb8c2285ca635eb9f11a329c6,2026-05-02 12:58:48,1420.31,COD,Apparel,40.0,12,1.0,1,1,delivered
ord_100944,bbaf33bb340e8360fad7f9e4214c356c0f114c2abe03605fc31cf4599089507c,2026-03-17 04:05:38,974.88,COD,Fashion Accessories,50.0,4,0.91,0,0,RTO
ord_100945,cf943c56427c7e9d17d12bbbd52a987f4b36cd6f4a37b87964f17cd1ffc62cdd,2026-03-05 17:34:19,761.46,prepaid,Fashion Accessories,10.0,17,0.76,0,0,delivered
ord_100946,0c8c75a131745ace53fb693fae05144a3a4f70cb7c4c40d934b489fd59b7a654,2026-01-06 17:11:13,1515.01,COD,Apparel,0.0,17,0.63,1,0,RTO
ord_100947,bad34b6c12bca992128b17a838b1349c114237b69a5798a558fcc1bcc4a38726,2026-04-03 18:45:45,631.69,COD,Home & Kitchen,0.0,18,0.89,0,0,delivered
ord_100948,efafd712e5fa6161e95e01042dfb959797ac1223b075e517a7b46466ef1ed475,2025-01-01 09:13:47,2651.45,COD,Footwear,15.0,9,0.76,0,0,delivered
ord_100949,33f58c41191b6ac0fcfa51613ab21453b6405ef0be1595ac1a8643083efdedef,2025-09-22 23:21:11,9075.02,COD,Footwear,10.0,23,0.74,0,0,RTO
ord_100950,a7015e80be830577bc93e4a92683e084a89a29ff1a8e4baf174c078f928f1a71,2026-08-14 15:35:17,1454.15,COD,Beauty & Care,40.0,15,0.89,0,0,RTO
ord_100951,654ab2f78c64326455e1bcab94f87001727236f931a4508caa9e3389b2d97dde,2026-01-25 17:51:03,672.9,prepaid,Beauty & Care,40.0,17,0.45,0,0,delivered
ord_100952,783a3a76d6ff66053432770b6f3b0a63a856c1da061d5572aa7376ae5b98b8fc,2026-09-03 08:34:52,829.27,COD,Fashion Accessories,40.0,8,1.0,0,0,delivered
ord_100953,716065e9530497584a753e860d5f3c7aa6b633ecb42765f847b239cc4d2d7723,2025-08-24 19:51:07,1530.69,COD,Fashion Accessories,15.0,19,0.72,0,0,delivered
ord_100954,3a450f47df9b661342857f5d666398499c25acf5dbe9a5ab4479a927449427c4,2025-02-12 23:00:18,2705.82,COD,Electronics,0.0,23,0.89,0,0,RTO
ord_100955,f97b9e4f4d324d5fee960057f4942943613842f2b48d620a10e81b12f70ed359,2025-01-19 09:24:30,5122.99,prepaid,Footwear,10.0,9,1.0,0,0,delivered
ord_100956,f47c5a3efc1c6ca5dba8b43180c23e503124792b1a8047d8bfc1c136e35d0b2f,2025-09-10 19:26:36,2779.82,prepaid,Home & Kitchen,0.0,19,0.91,0,0,delivered
ord_100957,33f58c41191b6ac0fcfa51613ab21453b6405ef0be1595ac1a8643083efdedef,2025-08-06 14:14:12,421.45,COD,Apparel,15.0,14,0.63,0,0,RTO
ord_100958,9276f96f676194a240da2529e04e55aa8893053821fe667701ca36f0a9a3118b,2025-09-10 01:58:00,934.92,prepaid,Electronics,40.0,1,0.64,0,0,delivered
ord_100959,47324a56ed03cbe71e767b657b2de5360ece2253500154cb68f627b89503a368,2026-03-09 09:09:48,1007.84,COD,Apparel,0.0,9,1.0,0,0,delivered
ord_100960,bbaf33bb340e8360fad7f9e4214c356c0f114c2abe03605fc31cf4599089507c,2026-08-04 10:10:55,883.32,COD,Beauty & Care,15.0,10,0.54,0,0,RTO
ord_100961,1f639b7b4c36aacb74101febf78ad7022a98ec5e33b9bd3f95a45b4d492091a3,2025-11-28 22:01:33,4923.11,COD,Apparel,40.0,22,0.65,0,0,delivered
ord_100962,1b87ad175cf5f8d95cea53d32d3454d11a0079805a3ae5fb0a31fd1a120cd229,2026-09-06 17:13:50,8925.84,COD,Footwear,0.0,17,0.96,0,0,RTO
ord_100963,6f59ded9c45a3303879cf89ee91d692a904cfd5cd28a6afd38dff983dcac1973,2026-04-19 19:48:39,9071.38,COD,Apparel,15.0,19,0.64,0,0,delivered
ord_100964,09cb08bb5739c6417f8d741c38d53c3bea9546efb321a5ac0f5f509babd430cc,2026-05-19 04:36:37,9227.08,COD,Fashion Accessories,25.0,4,0.97,0,0,delivered
ord_100965,297049aeb697d6eccf14252a9733fbbd4c64d2435a5e9f2ca71e7e592c71dad0,2025-01-15 15:47:35,1541.23,COD,Electronics,40.0,15,0.84,0,1,delivered
ord_100966,c307a6dca7b8f04b891e4302f53ee02d4ffde4619ab4acd75273e5863d278a31,2025-10-03 11:04:03,4960.04,prepaid,Fashion Accessories,10.0,11,0.63,1,1,delivered
ord_100967,a46fb279b7ff3b1334401a58be563ece99628504e0ebb7a38751d56c0f7eb1de,2026-08-29 10:14:51,1547.22,COD,Apparel,10.0,10,0.82,1,0,delivered
ord_100968,303310c6482bec69daddb4911a3f09286729e68b3424e330adb8f2425cda316a,2025-06-18 17:34:08,732.66,COD,Beauty & Care,25.0,17,0.9,1,0,RTO
ord_100969,c4965b309ec299d0a1ded94e6adbf3e1276e0deb15eab60b0162e081f69087ee,2025-06-09 17:15:47,786.7,COD,Apparel,40.0,17,0.5,0,0,delivered
ord_100970,8fdb9196d5ea5d68e9d131d38c48a6f62ffa653eba1dd78700153b869c7b6cc6,2025-06-13 08:47:16,2501.11,prepaid,Footwear,0.0,8,0.68,0,0,delivered
ord_100971,291f85a6953bcb58ee38050d7991faa512a6b77dadc3805b827ae95e95c76d0e,2025-02-20 17:23:04,1098.88,prepaid,Footwear,0.0,17,1.0,1,0,delivered
ord_100972,32673ab8979916f5a3fdae4528ca5f03baa69626299b102b7e1e49d3b3d800bf,2025-02-05 05:44:55,450.18,COD,Home & Kitchen,10.0,5,0.52,1,0,delivered
ord_100973,80af19485b8f9aceb5592a5a61bac5274f77903c4ebbb3d556259e912f1c6a1e,2026-07-29 15:47:20,866.7,COD,Beauty & Care,10.0,15,1.0,0,0,delivered
ord_100974,9b62531cf76e74a7416dcce0e3a9848553838531b42beef0d94ea057223a3541,2026-09-03 22:28:52,2649.12,COD,Footwear,15.0,22,0.79,1,0,RTO
ord_100975,497d791379aa1c3beefce361f1a80363377916457b8fcfebc60c96f42d02cb8c,2025-01-27 13:57:31,614.79,COD,Beauty & Care,40.0,13,0.84,0,0,delivered
ord_100976,473c49bdaac1331f35febb46df4ad17768bebee6ea0a6079f3c4efb999d8379c,2025-03-13 13:18:50,2792.35,COD,Beauty & Care,40.0,13,0.61,0,0,RTO
ord_100977,61ca8f270372ceeaf7002edd16b9840bc7c83b5aa5b4db4c21a8ffd2198388c5,2025-12-31 15:52:17,9114.99,COD,Footwear,40.0,15,0.81,0,0,delivered
ord_100978,98202bfea090fdeb8514ec7714471bd484f522579372e6dbb4029c3cecc5168c,2025-06-20 08:15:20,962.68,prepaid,Electronics,50.0,8,0.52,0,0,delivered
ord_100979,05fd223635652c096b32bb1ebc68df0c01be76fb340a94afbe5978b00f159b77,2025-07-14 16:50:26,9288.58,COD,Footwear,50.0,16,0.81,0,0,delivered
ord_100980,1b87ad175cf5f8d95cea53d32d3454d11a0079805a3ae5fb0a31fd1a120cd229,2025-11-24 19:02:26,698.17,COD,Fashion Accessories,25.0,19,0.97,0,0,RTO
ord_100981,59e0f4ba3cd3627b9ca8bc384d6c357f136908e2af1bce26e5f6feefdf94448e,2026-09-10 07:37:40,5091.31,COD,Apparel,15.0,7,1.0,0,0,RTO
ord_100982,f09e22aa24d009ef67cb2e59aee831f0a6ca5d8ab23fd917b9706ebc05fe5289,2025-04-02 12:18:27,1333.9,COD,Home & Kitchen,10.0,12,0.31,0,0,delivered
ord_100983,b9c948e768e9d8fd7b6b465c0d800396b3a401ff041a4a4525bcc6999cc61b8f,2026-06-03 20:39:32,711.78,prepaid,Footwear,25.0,20,0.58,0,0,delivered
ord_100984,31cc6e65511571750238a4c85a8c713b7e43c9c61d0296516890c22a6f39eefd,2025-04-09 02:23:19,5292.72,COD,Beauty & Care,0.0,2,1.0,0,0,delivered
ord_100985,1eb338a189460aeebb1eceefead4451aff6619ab90fc98d14f8df018ef934c0e,2025-06-04 07:36:35,924.15,COD,Home & Kitchen,40.0,7,0.79,0,0,delivered
ord_100986,8bb9eea8ff352b83f4ecd499c9074e14ccf4f47029ddc2f2b12a380663330cdb,2025-05-10 12:30:35,9152.73,COD,Electronics,40.0,12,0.91,0,0,delivered
ord_100987,fb526e144c9d329fef672f58f7abcf96db845b1c2b7b3f02049cf034b33a0dae,2025-08-05 06:09:02,1354.91,prepaid,Beauty & Care,40.0,6,0.74,0,1,RTO
ord_100988,82cd6d29b82272bceb4b9008b64351cc623923b755f20ce537c744deddc82811,2026-07-05 04:26:03,5136.59,COD,Fashion Accessories,0.0,4,0.49,0,0,delivered
ord_100989,d37d8a41717a7cbd92b01cce319acd460202c48669f361c53952f972041be734,2025-10-31 21:12:35,4976.35,COD,Beauty & Care,15.0,21,0.69,0,0,RTO
ord_100990,4ca2886300a4091b273c1147072afe796f93856ac03c6064f4ed088c17d17c56,2026-02-09 09:03:55,5087.44,COD,Fashion Accessories,50.0,9,0.63,0,0,delivered
ord_100991,c47246fde41cb7085f1428dd268f78844561de34373f41e33f6e387652af5bb1,2025-02-24 16:24:07,1549.09,prepaid,Fashion Accessories,0.0,16,0.38,0,0,delivered
ord_100992,e940baf46273ace88a116e5468cd4e5231e8f318211ecc4429c2a09d2be074f1,2025-05-11 20:14:51,1288.85,COD,Beauty & Care,0.0,20,0.74,0,0,RTO
ord_100993,6998c0e984221d441b0d176086cca86e494761bd58ff1d4d8bf3429df8aa670a,2026-08-22 00:49:33,1455.11,prepaid,Footwear,15.0,0,0.58,0,0,delivered
ord_100994,9bcfecab66700d78caab2b3edb39cc77ffada5105c05585a0b08e98005810116,2025-07-08 13:04:48,9005.3,COD,Beauty & Care,50.0,13,0.74,0,0,delivered
ord_100995,f4105051db521505742fa9d5be8fa015d433da89646495f204754f4d00f8cf40,2025-02-02 16:49:25,629.25,COD,Fashion Accessories,0.0,16,0.84,0,0,delivered
ord_100996,a46fb279b7ff3b1334401a58be563ece99628504e0ebb7a38751d56c0f7eb1de,2025-09-27 18:13:27,5244.36,COD,Beauty & Care,0.0,18,0.95,0,0,RTO
ord_100997,9ecca41aa87f3da03e3180ab150b3aaf42fa7b87f9de273b9902e394e95f4357,2025-05-21 09:11:41,1567.27,prepaid,Apparel,0.0,9,1.0,0,1,delivered
ord_100998,33f58c41191b6ac0fcfa51613ab21453b6405ef0be1595ac1a8643083efdedef,2025-08-03 20:48:11,9295.39,COD,Beauty & Care,15.0,20,0.86,0,0,delivered
ord_100999,df149985894d4fae98383e14900145c1b959b70e952746dc228c639911d20561,2026-07-30 07:44:15,2741.66,COD,Electronics,15.0,7,0.64,0,0,delivered
ord_101000,534178e1d7604e406fd5d8c11ee1f202e1bbd1f73bcd3e49608cc10efe4be1d5,2025-08-26 13:10:50,2524.17,prepaid,Fashion Accessories,25.0,13,0.95,0,0,delivered
